item_overall_id,item,item_in_set,item_price,item_image_prefix,set,set_size,set_total_price
1,1_1,1,1200,2_1,1,4,4800
2,1_2,2,1200,2_2,1,4,4800
3,1_3,3,1200,2_3,1,4,4800
4,1_4,4,1200,2_4,1,4,4800
5,2_1,1,200,2_5,2,3,600
6,2_2,2,200,2_6,2,3,600
7,2_3,3,200,2_7,2,3,600
8,3_1,1,1200,2_8,3,3,3600
9,3_2,2,1200,2_9,3,3,3600
10,3_3,3,1200,2_10,3,3,3600
11,4_1,1,400,3_1,4,2,800
12,4_2,2,400,3_2,4,2,800
13,5_1,1,1500,3_3,5,6,11100
14,5_2,2,4000,3_4,5,6,11100
15,5_3,3,1500,3_5,5,6,11100
16,5_4,4,600,3_6,5,6,11100
17,5_5,5,1500,3_7,5,6,11100
18,5_6,6,2000,3_8,5,6,11100
19,6_1,1,7000,5_1,6,6,15800
20,6_2,2,700,5_2,6,6,15800
21,6_3,3,600,5_3,6,6,15800
22,6_4,4,1200,5_4,6,6,15800
23,6_5,5,5500,5_5,6,6,15800
24,6_6,6,800,5_6,6,6,15800
25,7_1,1,2200,7_1,7,6,19600
26,7_2,2,1200,7_2,7,6,19600
27,7_3,3,900,7_3,7,6,19600
28,7_4,4,1100,7_4,7,6,19600
29,7_5,5,2200,7_5,7,6,19600
30,7_6,6,12000,7_6,7,6,19600
31,8_1,1,320,8_1,8,7,1660
32,8_2,2,220,8_2,8,7,1660
33,8_3,3,150,8_3,8,7,1660
34,8_4,4,250,8_4,8,7,1660
35,8_5,5,320,8_5,8,7,1660
36,8_6,6,280,8_6,8,7,1660
37,8_7,7,120,8_7,8,7,1660
38,9_1,1,7,9_1,9,54,22378
39,9_2,2,7,9_2,9,54,22378
40,9_3,3,120,9_3,9,54,22378
41,9_4,4,18,9_4,9,54,22378
42,9_5,5,7,9_5,9,54,22378
43,9_6,6,7,9_6,9,54,22378
44,9_7,7,14,9_7,9,54,22378
45,9_8,8,7,9_8,9,54,22378
46,9_9,9,7,9_9,9,54,22378
47,9_10,10,7,9_10,9,54,22378
48,9_11,11,170,9_11,9,54,22378
49,9_12,12,70,9_12,9,54,22378
50,9_13,13,350,9_13,9,54,22378
51,9_14,14,220,10_1,9,54,22378
52,9_15,15,200,10_2,9,54,22378
53,9_16,16,200,10_3,9,54,22378
54,9_17,17,160,10_4,9,54,22378
55,9_18,18,120,10_5,9,54,22378
56,9_19,19,7000,10_6,9,54,22378
57,9_20,20,150,10_7,9,54,22378
58,9_21,21,35,10_8,9,54,22378
59,9_22,22,25,10_9,9,54,22378
60,9_23,23,18,10_10,9,54,22378
61,9_24,24,700,10_11,9,54,22378
62,9_25,25,100,10_12,9,54,22378
63,9_26,26,170,11_1,9,54,22378
64,9_27,27,400,11_2,9,54,22378
65,9_28,28,800,11_3,9,54,22378
66,9_29,29,250,11_4,9,54,22378
67,9_30,30,250,11_5,9,54,22378
68,9_31,31,220,11_6,9,54,22378
69,9_32,32,250,11_7,9,54,22378
70,9_33,33,250,11_8,9,54,22378
71,9_34,34,70,12_1,9,54,22378
72,9_35,35,100,12_2,9,54,22378
73,9_36,36,300,12_3,9,54,22378
74,9_37,37,700,12_4,9,54,22378
75,9_38,38,6000,12_5,9,54,22378
76,9_39,39,70,12_6,9,54,22378
77,9_40,40,90,12_7,9,54,22378
78,9_41,41,90,12_8,9,54,22378
79,9_42,42,100,12_9,9,54,22378
80,9_43,43,1000,12_10,9,54,22378
81,9_44,44,1200,12_11,9,54,22378
82,9_45,45,10,13_1,9,54,22378
83,9_46,46,25,13_2,9,54,22378
84,9_47,47,40,13_3,9,54,22378
85,9_48,48,14,13_4,9,54,22378
86,9_49,49,20,13_5,9,54,22378
87,9_50,50,25,13_6,9,54,22378
88,9_51,51,30,13_7,9,54,22378
89,9_52,52,80,13_8,9,54,22378
90,9_53,53,30,13_9,9,54,22378
91,9_54,54,75,13_10,9,54,22378
92,10_1,1,7,13_11,10,5,281
93,10_2,2,7,13_12,10,5,281
94,10_3,3,7,13_13,10,5,281
95,10_4,4,100,13_14,10,5,281
96,10_5,5,160,13_15,10,5,281
97,11_1,1,150,14_1,11,12,3040
98,11_2,2,120,14_2,11,12,3040
99,11_3,3,1300,14_3,11,12,3040
100,11_4,4,500,14_4,11,12,3040
101,11_5,5,120,14_5,11,12,3040
102,11_6,6,120,14_6,11,12,3040
103,11_7,7,150,14_7,11,12,3040
104,11_8,8,120,14_8,11,12,3040
105,11_9,9,120,14_9,11,12,3040
106,11_10,10,120,14_10,11,12,3040
107,11_11,11,100,14_11,11,12,3040
108,11_12,12,120,14_12,11,12,3040
109,12_1,1,850,25_1,12,25,8600
110,12_2,2,330,25_2,12,25,8600
111,12_3,3,9,25_3,12,25,8600
112,12_4,4,9,25_4,12,25,8600
113,12_5,5,70,25_5,12,25,8600
114,12_6,6,9,25_6,12,25,8600
115,12_7,7,900,25_7,12,25,8600
116,12_8,8,9,25_8,12,25,8600
117,12_9,9,350,25_9,12,25,8600
118,12_10,10,50,26_1,12,25,8600
119,12_11,11,500,26_2,12,25,8600
120,12_12,12,900,26_3,12,25,8600
121,12_13,13,150,26_4,12,25,8600
122,12_14,14,100,26_5,12,25,8600
123,12_15,15,250,26_6,12,25,8600
124,12_16,16,180,26_7,12,25,8600
125,12_17,17,9,26_8,12,25,8600
126,12_18,18,15,26_9,12,25,8600
127,12_19,19,100,26_10,12,25,8600
128,12_20,20,1500,27_1,12,25,8600
129,12_21,21,1500,27_2,12,25,8600
130,12_22,22,70,27_3,12,25,8600
131,12_23,23,90,27_4,12,25,8600
132,12_24,24,100,27_5,12,25,8600
133,12_25,25,550,27_6,12,25,8600
134,13_1,1,150,33_1,13,2,450
135,13_2,2,300,33_2,13,2,450
136,14_1,1,8,34_1,14,63,6983
137,14_2,2,8,34_2,14,63,6983
138,14_3,3,14,34_3,14,63,6983
139,14_4,4,45,34_4,14,63,6983
140,14_5,5,14,34_5,14,63,6983
141,14_6,6,16,34_6,14,63,6983
142,14_7,7,8,34_7,14,63,6983
143,14_8,8,8,34_8,14,63,6983
144,14_9,9,14,34_9,14,63,6983
145,14_10,10,20,34_10,14,63,6983
146,14_11,11,20,34_11,14,63,6983
147,14_12,12,45,34_12,14,63,6983
148,14_13,13,50,34_13,14,63,6983
149,14_14,14,16,34_14,14,63,6983
150,14_15,15,16,34_15,14,63,6983
151,14_16,16,1000,34_16,14,63,6983
152,14_17,17,1000,34_17,14,63,6983
153,14_18,18,11,35_1,14,63,6983
154,14_19,19,11,35_2,14,63,6983
155,14_20,20,16,35_3,14,63,6983
156,14_21,21,16,35_4,14,63,6983
157,14_22,22,20,35_5,14,63,6983
158,14_23,23,10,35_6,14,63,6983
159,14_24,24,10,35_7,14,63,6983
160,14_25,25,16,35_8,14,63,6983
161,14_26,26,17,35_9,14,63,6983
162,14_27,27,10,35_10,14,63,6983
163,14_28,28,11,35_11,14,63,6983
164,14_29,29,11,35_12,14,63,6983
165,14_30,30,800,35_13,14,63,6983
166,14_31,31,9,36_1,14,63,6983
167,14_32,32,11,36_2,14,63,6983
168,14_33,33,15,36_3,14,63,6983
169,14_34,34,20,36_4,14,63,6983
170,14_35,35,20,36_5,14,63,6983
171,14_36,36,60,36_6,14,63,6983
172,14_37,37,50,36_7,14,63,6983
173,14_38,38,100,36_8,14,63,6983
174,14_39,39,10,36_9,14,63,6983
175,14_40,40,12,36_10,14,63,6983
176,14_41,41,15,36_11,14,63,6983
177,14_42,42,35,36_12,14,63,6983
178,14_43,43,50,36_13,14,63,6983
179,14_44,44,35,36_14,14,63,6983
180,14_45,45,9,36_15,14,63,6983
181,14_46,46,11,36_16,14,63,6983
182,14_47,47,11,36_17,14,63,6983
183,14_48,48,700,36_18,14,63,6983
184,14_49,49,9,36_19,14,63,6983
185,14_50,50,9,36_20,14,63,6983
186,14_51,51,10,36_21,14,63,6983
187,14_52,52,1600,36_22,14,63,6983
188,14_53,53,10,37_1,14,63,6983
189,14_54,54,12,37_2,14,63,6983
190,14_55,55,12,37_3,14,63,6983
191,14_56,56,800,37_4,14,63,6983
192,14_57,57,9,37_5,14,63,6983
193,14_58,58,18,37_6,14,63,6983
194,14_59,59,11,37_7,14,63,6983
195,14_60,60,9,37_8,14,63,6983
196,14_61,61,9,37_9,14,63,6983
197,14_62,62,13,37_10,14,63,6983
198,14_63,63,18,37_11,14,63,6983
199,15_1,1,15,38_1,15,27,8778
200,15_2,2,25,38_2,15,27,8778
201,15_3,3,680,38_3,15,27,8778
202,15_4,4,19,38_4,15,27,8778
203,15_5,5,60,38_5,15,27,8778
204,15_6,6,30,38_6,15,27,8778
205,15_7,7,35,38_7,15,27,8778
206,15_8,8,19,38_8,15,27,8778
207,15_9,9,16,38_9,15,27,8778
208,15_10,10,17,38_10,15,27,8778
209,15_11,11,380,38_11,15,27,8778
210,15_12,12,175,39_1,15,27,8778
211,15_13,13,100,39_2,15,27,8778
212,15_14,14,550,39_3,15,27,8778
213,15_15,15,45,39_4,15,27,8778
214,15_16,16,700,39_5,15,27,8778
215,15_17,17,700,39_6,15,27,8778
216,15_18,18,50,40_1,15,27,8778
217,15_19,19,75,40_2,15,27,8778
218,15_20,20,37,40_3,15,27,8778
219,15_21,21,680,40_4,15,27,8778
220,15_22,22,720,40_5,15,27,8778
221,15_23,23,730,40_6,15,27,8778
222,15_24,24,720,40_7,15,27,8778
223,15_25,25,740,40_8,15,27,8778
224,15_26,26,740,40_9,15,27,8778
225,15_27,27,720,40_10,15,27,8778
226,16_1,1,45,43_1,16,23,1216
227,16_2,2,8,43_2,16,23,1216
228,16_3,3,25,43_3,16,23,1216
229,16_4,4,30,43_4,16,23,1216
230,16_5,5,45,43_5,16,23,1216
231,16_6,6,50,43_6,16,23,1216
232,16_7,7,9,43_7,16,23,1216
233,16_8,8,9,43_8,16,23,1216
234,16_9,9,7,43_9,16,23,1216
235,16_10,10,9,43_10,16,23,1216
236,16_11,11,9,43_11,16,23,1216
237,16_12,12,10,43_12,16,23,1216
238,16_13,13,170,43_13,16,23,1216
239,16_14,14,150,43_14,16,23,1216
240,16_15,15,45,44_1,16,23,1216
241,16_16,16,60,44_2,16,23,1216
242,16_17,17,260,44_3,16,23,1216
243,16_18,18,15,44_4,16,23,1216
244,16_19,19,15,44_5,16,23,1216
245,16_20,20,200,44_6,16,23,1216
246,16_21,21,15,44_7,16,23,1216
247,16_22,22,15,44_8,16,23,1216
248,16_23,23,15,44_9,16,23,1216
249,17_1,1,75,44_10,17,4,385
250,17_2,2,50,44_11,17,4,385
251,17_3,3,120,44_12,17,4,385
252,17_4,4,140,44_13,17,4,385
253,18_1,1,45,45_1,18,4,1315
254,18_2,2,120,45_2,18,4,1315
255,18_3,3,500,45_3,18,4,1315
256,18_4,4,650,45_4,18,4,1315
257,19_1,1,5,49_1,19,19,3065
258,19_2,2,4,49_2,19,19,3065
259,19_3,3,4,49_3,19,19,3065
260,19_4,4,7,49_4,19,19,3065
261,19_5,5,4,49_5,19,19,3065
262,19_6,6,4,49_6,19,19,3065
263,19_7,7,4,49_7,19,19,3065
264,19_8,8,4,49_8,19,19,3065
265,19_9,9,180,49_9,19,19,3065
266,19_10,10,1000,49_10,19,19,3065
267,19_11,11,1700,49_11,19,19,3065
268,19_12,12,18,50_1,19,19,3065
269,19_13,13,18,50_2,19,19,3065
270,19_14,14,18,50_3,19,19,3065
271,19_15,15,15,50_4,19,19,3065
272,19_16,16,18,50_5,19,19,3065
273,19_17,17,18,50_6,19,19,3065
274,19_18,18,22,50_7,19,19,3065
275,19_19,19,22,50_8,19,19,3065
276,20_1,1,200,50_9,20,3,1040
277,20_2,2,800,50_10,20,3,1040
278,20_3,3,40,50_11,20,3,1040
279,21_1,1,10,51_1,21,21,797
280,21_2,2,13,51_2,21,21,797
281,21_3,3,55,51_3,21,21,797
282,21_4,4,55,51_4,21,21,797
283,21_5,5,25,51_5,21,21,797
284,21_6,6,55,51_6,21,21,797
285,21_7,7,55,51_7,21,21,797
286,21_8,8,8,51_8,21,21,797
287,21_9,9,12,51_9,21,21,797
288,21_10,10,12,51_10,21,21,797
289,21_11,11,9,51_11,21,21,797
290,21_12,12,65,51_12,21,21,797
291,21_13,13,130,51_13,21,21,797
292,21_14,14,17,52_1,21,21,797
293,21_15,15,30,52_2,21,21,797
294,21_16,16,55,52_3,21,21,797
295,21_17,17,55,52_4,21,21,797
296,21_18,18,14,52_5,21,21,797
297,21_19,19,14,52_6,21,21,797
298,21_20,20,28,52_7,21,21,797
299,21_21,21,80,52_8,21,21,797
300,22_1,1,180,52_9,22,4,550
301,22_2,2,300,52_10,22,4,550
302,22_3,3,25,52_11,22,4,550
303,22_4,4,45,52_12,22,4,550
304,23_1,1,3,55_1,23,12,1440.5
305,23_2,2,5.5,55_2,23,12,1440.5
306,23_3,3,9,55_3,23,12,1440.5
307,23_4,4,3,55_4,23,12,1440.5
308,23_5,5,3,55_5,23,12,1440.5
309,23_6,6,3,55_6,23,12,1440.5
310,23_7,7,3,55_7,23,12,1440.5
311,23_8,8,3,55_8,23,12,1440.5
312,23_9,9,90,55_9,23,12,1440.5
313,23_10,10,1300,55_10,23,12,1440.5
314,23_11,11,3,56_1,23,12,1440.5
315,23_12,12,15,56_2,23,12,1440.5
316,24_1,1,3,57_1,24,27,1791
317,24_2,2,7,57_2,24,27,1791
318,24_3,3,4,57_3,24,27,1791
319,24_4,4,2,57_4,24,27,1791
320,24_5,5,6,57_5,24,27,1791
321,24_6,6,2.5,57_6,24,27,1791
322,24_7,7,2.5,57_7,24,27,1791
323,24_8,8,60,57_8,24,27,1791
324,24_9,9,60,57_9,24,27,1791
325,24_10,10,2.5,57_10,24,27,1791
326,24_11,11,5,57_11,24,27,1791
327,24_12,12,8,57_12,24,27,1791
328,24_13,13,10,57_13,24,27,1791
329,24_14,14,8,57_14,24,27,1791
330,24_15,15,8,57_15,24,27,1791
331,24_16,16,2.5,57_16,24,27,1791
332,24_17,17,60,58_1,24,27,1791
333,24_18,18,600,58_2,24,27,1791
334,24_19,19,220,58_3,24,27,1791
335,24_20,20,80,58_4,24,27,1791
336,24_21,21,80,58_5,24,27,1791
337,24_22,22,80,58_6,24,27,1791
338,24_23,23,80,58_7,24,27,1791
339,24_24,24,80,58_8,24,27,1791
340,24_25,25,80,58_9,24,27,1791
341,24_26,26,160,58_10,24,27,1791
342,24_27,27,80,58_11,24,27,1791
343,25_1,1,40,60_1,25,31,2076
344,25_2,2,42,60_2,25,31,2076
345,25_3,3,40,60_3,25,31,2076
346,25_4,4,6,60_4,25,31,2076
347,25_5,5,6,60_5,25,31,2076
348,25_6,6,6,60_6,25,31,2076
349,25_7,7,6,60_7,25,31,2076
350,25_8,8,6,60_8,25,31,2076
351,25_9,9,38,60_9,25,31,2076
352,25_10,10,38,60_10,25,31,2076
353,25_11,11,5,60_11,25,31,2076
354,25_12,12,3,60_12,25,31,2076
355,25_13,13,18,60_13,25,31,2076
356,25_14,14,3,60_14,25,31,2076
357,25_15,15,45,60_15,25,31,2076
358,25_16,16,3,60_16,25,31,2076
359,25_17,17,120,61_1,25,31,2076
360,25_18,18,12,61_2,25,31,2076
361,25_19,19,300,61_3,25,31,2076
362,25_20,20,300,61_4,25,31,2076
363,25_21,21,300,61_5,25,31,2076
364,25_22,22,300,61_6,25,31,2076
365,25_23,23,300,61_7,25,31,2076
366,25_24,24,22,61_8,25,31,2076
367,25_25,25,30,61_9,25,31,2076
368,25_26,26,1.25,63_1,25,31,2076
369,25_27,27,1.25,63_2,25,31,2076
370,25_28,28,22,63_3,25,31,2076
371,25_29,29,3.5,63_4,25,31,2076
372,25_30,30,14,63_5,25,31,2076
373,25_31,31,45,63_6,25,31,2076
374,26_1,1,1.25,63_7,26,11,175.75
375,26_2,2,1.25,63_8,26,11,175.75
376,26_3,3,14,63_9,26,11,175.75
377,26_4,4,14,63_10,26,11,175.75
378,26_5,5,8,63_11,26,11,175.75
379,26_6,6,1.25,63_12,26,11,175.75
380,26_7,7,25,63_13,26,11,175.75
381,26_8,8,6,64_1,26,11,175.75
382,26_9,9,35,64_2,26,11,175.75
383,26_10,10,35,64_3,26,11,175.75
384,26_11,11,35,64_4,26,11,175.75
385,27_1,1,12,64_5,27,2,27
386,27_2,2,15,64_6,27,2,27
387,28_1,1,1.5,67_1,28,14,136
388,28_2,2,1.5,67_2,28,14,136
389,28_3,3,1.5,67_3,28,14,136
390,28_4,4,1.5,67_4,28,14,136
391,28_5,5,1.5,67_5,28,14,136
392,28_6,6,1.5,67_6,28,14,136
393,28_7,7,1.5,67_7,28,14,136
394,28_8,8,1.5,67_8,28,14,136
395,28_9,9,50,67_9,28,14,136
396,28_10,10,8,68_1,28,14,136
397,28_11,11,4.5,68_2,28,14,136
398,28_12,12,2.5,68_3,28,14,136
399,28_13,13,4,68_4,28,14,136
400,28_14,14,55,68_5,28,14,136
401,29_1,1,2.5,68_6,29,19,290
402,29_2,2,2.5,68_7,29,19,290
403,29_3,3,7,68_8,29,19,290
404,29_4,4,2.5,68_9,29,19,290
405,29_5,5,8,68_10,29,19,290
406,29_6,6,2.5,69_1,29,19,290
407,29_7,7,8,69_2,29,19,290
408,29_8,8,45,69_3,29,19,290
409,29_9,9,8,69_4,29,19,290
410,29_10,10,8,69_5,29,19,290
411,29_11,11,100,69_6,29,19,290
412,29_12,12,40,70_1,29,19,290
413,29_13,13,1.5,70_2,29,19,290
414,29_14,14,1.5,70_3,29,19,290
415,29_15,15,6,70_4,29,19,290
416,29_16,16,1.5,70_5,29,19,290
417,29_17,17,6,70_6,29,19,290
418,29_18,18,1.5,70_7,29,19,290
419,29_19,19,38,70_8,29,19,290
420,30_1,1,1.5,70_9,30,11,256
421,30_2,2,1.5,70_10,30,11,256
422,30_3,3,1.5,70_11,30,11,256
423,30_4,4,50,70_12,30,11,256
424,30_5,5,1.5,70_13,30,11,256
425,30_6,6,50,70_14,30,11,256
426,30_7,7,3,70_15,30,11,256
427,30_8,8,2,70_16,30,11,256
428,30_9,9,10,71_1,30,11,256
429,30_10,10,90,71_2,30,11,256
430,30_11,11,45,71_3,30,11,256
431,31_1,1,1.5,73_1,31,12,300.5
432,31_2,2,1.5,73_2,31,12,300.5
433,31_3,3,1.5,73_3,31,12,300.5
434,31_4,4,1.5,73_4,31,12,300.5
435,31_5,5,1.5,73_5,31,12,300.5
436,31_6,6,1.5,73_6,31,12,300.5
437,31_7,7,1.5,73_7,31,12,300.5
438,31_8,8,1.5,73_8,31,12,300.5
439,31_9,9,3.5,73_9,31,12,300.5
440,31_10,10,65,73_10,31,12,300.5
441,31_11,11,100,73_11,31,12,300.5
442,31_12,12,120,73_12,31,12,300.5
443,32_1,1,5,74_1,32,40,2856
444,32_2,2,35,74_2,32,40,2856
445,32_3,3,15,74_3,32,40,2856
446,32_4,4,30,74_4,32,40,2856
447,32_5,5,80,74_5,32,40,2856
448,32_6,6,60,74_6,32,40,2856
449,32_7,7,15,74_7,32,40,2856
450,32_8,8,15,74_8,32,40,2856
451,32_9,9,120,74_9,32,40,2856
452,32_10,10,100,74_10,32,40,2856
453,32_11,11,150,74_11,32,40,2856
454,32_12,12,45,74_12,32,40,2856
455,32_13,13,65,74_13,32,40,2856
456,32_14,14,45,74_14,32,40,2856
457,32_15,15,55,74_15,32,40,2856
458,32_16,16,11,74_16,32,40,2856
459,32_17,17,70,74_17,32,40,2856
460,32_18,18,25,74_18,32,40,2856
461,32_19,19,35,75_1,32,40,2856
462,32_20,20,90,75_2,32,40,2856
463,32_21,21,15,75_3,32,40,2856
464,32_22,22,35,75_4,32,40,2856
465,32_23,23,20,75_5,32,40,2856
466,32_24,24,5,75_6,32,40,2856
467,32_25,25,35,75_7,32,40,2856
468,32_26,26,5,75_8,32,40,2856
469,32_27,27,35,75_9,32,40,2856
470,32_28,28,7,75_10,32,40,2856
471,32_29,29,10,75_11,32,40,2856
472,32_30,30,10,75_12,32,40,2856
473,32_31,31,13,75_13,32,40,2856
474,32_32,32,40,75_14,32,40,2856
475,32_33,33,30,75_15,32,40,2856
476,32_34,34,30,75_16,32,40,2856
477,32_35,35,50,76_1,32,40,2856
478,32_36,36,50,76_2,32,40,2856
479,32_37,37,350,76_3,32,40,2856
480,32_38,38,350,76_4,32,40,2856
481,32_39,39,350,76_5,32,40,2856
482,32_40,40,350,76_6,32,40,2856
483,33_1,1,1,80_1,33,32,957
484,33_2,2,4,80_2,33,32,957
485,33_3,3,12,80_3,33,32,957
486,33_4,4,11,80_4,33,32,957
487,33_5,5,14,80_5,33,32,957
488,33_6,6,400,80_6,33,32,957
489,33_7,7,1,80_7,33,32,957
490,33_8,8,4,80_8,33,32,957
491,33_9,9,1,80_9,33,32,957
492,33_10,10,3,80_10,33,32,957
493,33_11,11,7,80_11,33,32,957
494,33_12,12,25,80_12,33,32,957
495,33_13,13,7,80_13,33,32,957
496,33_14,14,1,80_14,33,32,957
497,33_15,15,4,80_15,33,32,957
498,33_16,16,1,80_16,33,32,957
499,33_17,17,4,80_17,33,32,957
500,33_18,18,30,80_18,33,32,957
501,33_19,19,1,80_19,33,32,957
502,33_20,20,4,80_20,33,32,957
503,33_21,21,8,81_1,33,32,957
504,33_22,22,18,81_2,33,32,957
505,33_23,23,30,81_3,33,32,957
506,33_24,24,27,81_4,33,32,957
507,33_25,25,30,81_5,33,32,957
508,33_26,26,7,81_6,33,32,957
509,33_27,27,27,81_7,33,32,957
510,33_28,28,27,81_8,33,32,957
511,33_29,29,80,81_9,33,32,957
512,33_30,30,120,81_10,33,32,957
513,33_31,31,18,81_11,33,32,957
514,33_32,32,30,81_12,33,32,957
515,34_1,1,0.75,84_1,34,13,60.5
516,34_2,2,15,84_2,34,13,60.5
517,34_3,3,15,84_3,34,13,60.5
518,34_4,4,0.75,84_4,34,13,60.5
519,34_5,5,0.75,84_5,34,13,60.5
520,34_6,6,4.5,84_6,34,13,60.5
521,34_7,7,0.75,84_7,34,13,60.5
522,34_8,8,0.75,84_8,34,13,60.5
523,34_9,9,4,84_9,34,13,60.5
524,34_10,10,1,84_10,34,13,60.5
525,34_11,11,1.5,84_11,34,13,60.5
526,34_12,12,0.75,84_12,34,13,60.5
527,34_13,13,15,84_13,34,13,60.5
528,35_1,1,3,86_1,35,16,631.5
529,35_2,2,1.5,86_2,35,16,631.5
530,35_3,3,1.5,86_3,35,16,631.5
531,35_4,4,7,86_4,35,16,631.5
532,35_5,5,1.5,86_5,35,16,631.5
533,35_6,6,1.5,86_6,35,16,631.5
534,35_7,7,1.5,86_7,35,16,631.5
535,35_8,8,5,86_8,35,16,631.5
536,35_9,9,110,86_9,35,16,631.5
537,35_10,10,4,86_10,35,16,631.5
538,35_11,11,25,86_11,35,16,631.5
539,35_12,12,10,86_12,35,16,631.5
540,35_13,13,10,86_13,35,16,631.5
541,35_14,14,5,86_14,35,16,631.5
542,35_15,15,180,86_15,35,16,631.5
543,35_16,16,265,86_16,35,16,631.5
544,36_1,1,20,89_1,36,14,159.75
545,36_2,2,42,89_2,36,14,159.75
546,36_3,3,0.75,89_3,36,14,159.75
547,36_4,4,0.75,89_4,36,14,159.75
548,36_5,5,0.75,89_5,36,14,159.75
549,36_6,6,0.75,89_6,36,14,159.75
550,36_7,7,6.5,89_7,36,14,159.75
551,36_8,8,22,89_8,36,14,159.75
552,36_9,9,44,89_9,36,14,159.75
553,36_10,10,0.75,89_10,36,14,159.75
554,36_11,11,8,89_11,36,14,159.75
555,36_12,12,0.75,89_12,36,14,159.75
556,36_13,13,0.75,89_13,36,14,159.75
557,36_14,14,12,89_14,36,14,159.75
558,37_1,1,35,90_1,37,16,1484.75
559,37_2,2,35,90_2,37,16,1484.75
560,37_3,3,60,90_3,37,16,1484.75
561,37_4,4,500,90_4,37,16,1484.75
562,37_5,5,500,90_5,37,16,1484.75
563,37_6,6,300,90_6,37,16,1484.75
564,37_7,7,0.75,92_1,37,16,1484.75
565,37_8,8,0.75,92_2,37,16,1484.75
566,37_9,9,0.75,92_3,37,16,1484.75
567,37_10,10,0.75,92_4,37,16,1484.75
568,37_11,11,0.75,92_5,37,16,1484.75
569,37_12,12,8,92_6,37,16,1484.75
570,37_13,13,3,92_7,37,16,1484.75
571,37_14,14,3,92_8,37,16,1484.75
572,37_15,15,25,92_9,37,16,1484.75
573,37_16,16,12,92_10,37,16,1484.75
574,38_1,1,0.75,92_11,38,5,3.75
575,38_2,2,0.75,92_12,38,5,3.75
576,38_3,3,0.75,92_13,38,5,3.75
577,38_4,4,0.75,92_14,38,5,3.75
578,38_5,5,0.75,92_15,38,5,3.75
579,39_1,1,1,93_1,39,11,34.5
580,39_2,2,12,93_2,39,11,34.5
581,39_3,3,1,93_3,39,11,34.5
582,39_4,4,1,93_4,39,11,34.5
583,39_5,5,1,93_5,39,11,34.5
584,39_6,6,1,93_6,39,11,34.5
585,39_7,7,1.5,93_7,39,11,34.5
586,39_8,8,1,93_8,39,11,34.5
587,39_9,9,1,93_9,39,11,34.5
588,39_10,10,3,93_10,39,11,34.5
589,39_11,11,11,93_11,39,11,34.5
590,40_1,1,25,93_12,40,9,325
591,40_2,2,120,93_13,40,9,325
592,40_3,3,10,94_1,40,9,325
593,40_4,4,30,94_2,40,9,325
594,40_5,5,10,94_3,40,9,325
595,40_6,6,10,94_4,40,9,325
596,40_7,7,100,94_5,40,9,325
597,40_8,8,10,94_6,40,9,325
598,40_9,9,10,94_7,40,9,325
599,41_1,1,0.6,95_1,41,11,10
600,41_2,2,0.6,95_2,41,11,10
601,41_3,3,0.6,95_3,41,11,10
602,41_4,4,0.6,95_4,41,11,10
603,41_5,5,0.6,95_5,41,11,10
604,41_6,6,0.6,95_6,41,11,10
605,41_7,7,0.6,95_7,41,11,10
606,41_8,8,0.6,95_8,41,11,10
607,41_9,9,0.6,95_9,41,11,10
608,41_10,10,0.6,95_10,41,11,10
609,41_11,11,4,95_11,41,11,10
610,42_1,1,1.25,96_1,42,26,96
611,42_2,2,1.25,96_2,42,26,96
612,42_3,3,1.25,96_3,42,26,96
613,42_4,4,0.75,96_4,42,26,96
614,42_5,5,0.75,96_5,42,26,96
615,42_6,6,0.75,96_6,42,26,96
616,42_7,7,2,96_7,42,26,96
617,42_8,8,0.75,96_8,42,26,96
618,42_9,9,0.75,96_9,42,26,96
619,42_10,10,3.5,96_10,42,26,96
620,42_11,11,6,96_11,42,26,96
621,42_12,12,15,96_12,42,26,96
622,42_13,13,3,97_1,42,26,96
623,42_14,14,6,97_2,42,26,96
624,42_15,15,3,97_3,42,26,96
625,42_16,16,3,97_4,42,26,96
626,42_17,17,16,97_5,42,26,96
627,42_18,18,2.5,97_6,42,26,96
628,42_19,19,2.5,97_7,42,26,96
629,42_20,20,4,97_8,42,26,96
630,42_21,21,2,97_9,42,26,96
631,42_22,22,4,97_10,42,26,96
632,42_23,23,2.5,97_11,42,26,96
633,42_24,24,2.5,97_12,42,26,96
634,42_25,25,5,97_13,42,26,96
635,42_26,26,6,97_14,42,26,96
636,43_1,1,0.75,98_1,43,13,40.25
637,43_2,2,12,98_2,43,13,40.25
638,43_3,3,10,98_3,43,13,40.25
639,43_4,4,0.75,98_4,43,13,40.25
640,43_5,5,0.75,98_5,43,13,40.25
641,43_6,6,1.5,98_6,43,13,40.25
642,43_7,7,4,98_7,43,13,40.25
643,43_8,8,0.75,98_8,43,13,40.25
644,43_9,9,0.75,98_9,43,13,40.25
645,43_10,10,0.75,98_10,43,13,40.25
646,43_11,11,2.5,98_11,43,13,40.25
647,43_12,12,0.75,98_12,43,13,40.25
648,43_13,13,5,98_13,43,13,40.25
649,44_1,1,25,98_14,44,3,75
650,44_2,2,20,98_15,44,3,75
651,44_3,3,30,98_16,44,3,75
652,45_1,1,0.6,99_1,45,15,28.7
653,45_2,2,0.6,99_2,45,15,28.7
654,45_3,3,0.8,99_3,45,15,28.7
655,45_4,4,0.6,99_4,45,15,28.7
656,45_5,5,0.6,99_5,45,15,28.7
657,45_6,6,2.5,99_6,45,15,28.7
658,45_7,7,0.7,99_7,45,15,28.7
659,45_8,8,0.6,99_8,45,15,28.7
660,45_9,9,0.6,99_9,45,15,28.7
661,45_10,10,0.6,99_10,45,15,28.7
662,45_11,11,1,99_11,45,15,28.7
663,45_12,12,5,99_12,45,15,28.7
664,45_13,13,8,99_13,45,15,28.7
665,45_14,14,1.5,99_14,45,15,28.7
666,45_15,15,5,99_15,45,15,28.7
667,46_1,1,0.75,101_1,46,29,136.25
668,46_2,2,0.75,101_2,46,29,136.25
669,46_3,3,2,101_3,46,29,136.25
670,46_4,4,1.25,101_4,46,29,136.25
671,46_5,5,1.75,101_5,46,29,136.25
672,46_6,6,2,101_6,46,29,136.25
673,46_7,7,0.6,101_7,46,29,136.25
674,46_8,8,0.6,101_8,46,29,136.25
675,46_9,9,0.6,101_9,46,29,136.25
676,46_10,10,0.6,101_10,46,29,136.25
677,46_11,11,0.75,101_11,46,29,136.25
678,46_12,12,1,101_12,46,29,136.25
679,46_13,13,10,101_13,46,29,136.25
680,46_14,14,3,102_1,46,29,136.25
681,46_15,15,6,102_2,46,29,136.25
682,46_16,16,3,102_3,46,29,136.25
683,46_17,17,2,102_4,46,29,136.25
684,46_18,18,7,102_5,46,29,136.25
685,46_19,19,7,102_6,46,29,136.25
686,46_20,20,3,102_7,46,29,136.25
687,46_21,21,13,102_8,46,29,136.25
688,46_22,22,6,102_9,46,29,136.25
689,46_23,23,0.6,102_10,46,29,136.25
690,46_24,24,13,102_11,46,29,136.25
691,46_25,25,17,102_12,46,29,136.25
692,46_26,26,10,102_13,46,29,136.25
693,46_27,27,20,102_14,46,29,136.25
694,46_28,28,1,102_15,46,29,136.25
695,46_29,29,2,102_16,46,29,136.25
696,47_1,1,2,103_1,47,16,82.5
697,47_2,2,2.5,103_2,47,16,82.5
698,47_3,3,0.75,103_3,47,16,82.5
699,47_4,4,0.75,103_4,47,16,82.5
700,47_5,5,1,103_5,47,16,82.5
701,47_6,6,0.75,103_6,47,16,82.5
702,47_7,7,0.75,103_7,47,16,82.5
703,47_8,8,0.75,103_8,47,16,82.5
704,47_9,9,0.75,103_9,47,16,82.5
705,47_10,10,1,103_10,47,16,82.5
706,47_11,11,0.5,103_11,47,16,82.5
707,47_12,12,25,104_1,47,16,82.5
708,47_13,13,6,104_2,47,16,82.5
709,47_14,14,5,104_3,47,16,82.5
710,47_15,15,10,104_4,47,16,82.5
711,47_16,16,25,104_5,47,16,82.5
712,48_1,1,0.6,105_1,48,34,1282.5
713,48_2,2,5,105_2,48,34,1282.5
714,48_3,3,0.6,105_3,48,34,1282.5
715,48_4,4,0.6,105_4,48,34,1282.5
716,48_5,5,2,105_5,48,34,1282.5
717,48_6,6,0.6,105_6,48,34,1282.5
718,48_7,7,8,105_7,48,34,1282.5
719,48_8,8,0.6,105_8,48,34,1282.5
720,48_9,9,0.6,105_9,48,34,1282.5
721,48_10,10,0.6,105_10,48,34,1282.5
722,48_11,11,0.6,105_11,48,34,1282.5
723,48_12,12,0.6,105_12,48,34,1282.5
724,48_13,13,0.5,105_13,48,34,1282.5
725,48_14,14,20,106_1,48,34,1282.5
726,48_15,15,20,106_2,48,34,1282.5
727,48_16,16,20,106_3,48,34,1282.5
728,48_17,17,20,106_4,48,34,1282.5
729,48_18,18,40,106_5,48,34,1282.5
730,48_19,19,60,106_6,48,34,1282.5
731,48_20,20,160,106_7,48,34,1282.5
732,48_21,21,90,106_8,48,34,1282.5
733,48_22,22,90,106_9,48,34,1282.5
734,48_23,23,10,106_10,48,34,1282.5
735,48_24,24,210,106_11,48,34,1282.5
736,48_25,25,250,106_12,48,34,1282.5
737,48_26,26,45,106_13,48,34,1282.5
738,48_27,27,150,106_14,48,34,1282.5
739,48_28,28,0.6,106_15,48,34,1282.5
740,48_29,29,6,106_16,48,34,1282.5
741,48_30,30,20,106_17,48,34,1282.5
742,48_31,31,5,106_18,48,34,1282.5
743,48_32,32,15,106_19,48,34,1282.5
744,48_33,33,20,106_20,48,34,1282.5
745,48_34,34,10,106_21,48,34,1282.5
746,49_1,1,0.6,107_1,49,32,5583.1
747,49_2,2,0.6,107_2,49,32,5583.1
748,49_3,3,0.6,107_3,49,32,5583.1
749,49_4,4,0.6,107_4,49,32,5583.1
750,49_5,5,0.8,107_5,49,32,5583.1
751,49_6,6,0.6,107_6,49,32,5583.1
752,49_7,7,0.6,107_7,49,32,5583.1
753,49_8,8,0.6,107_8,49,32,5583.1
754,49_9,9,0.8,107_9,49,32,5583.1
755,49_10,10,0.6,107_10,49,32,5583.1
756,49_11,11,0.6,107_11,49,32,5583.1
757,49_12,12,0.6,107_12,49,32,5583.1
758,49_13,13,0.5,107_13,49,32,5583.1
759,49_14,14,2,108_1,49,32,5583.1
760,49_15,15,3,108_2,49,32,5583.1
761,49_16,16,3,108_3,49,32,5583.1
762,49_17,17,1,108_4,49,32,5583.1
763,49_18,18,4,108_5,49,32,5583.1
764,49_19,19,5,108_6,49,32,5583.1
765,49_20,20,8,108_7,49,32,5583.1
766,49_21,21,8,108_8,49,32,5583.1
767,49_22,22,2500,108_9,49,32,5583.1
768,49_23,23,3000,108_10,49,32,5583.1
769,49_24,24,1,108_11,49,32,5583.1
770,49_25,25,1,108_12,49,32,5583.1
771,49_26,26,1,108_13,49,32,5583.1
772,49_27,27,15,108_14,49,32,5583.1
773,49_28,28,4,108_15,49,32,5583.1
774,49_29,29,6,108_16,49,32,5583.1
775,49_30,30,3,108_17,49,32,5583.1
776,49_31,31,7,108_18,49,32,5583.1
777,49_32,32,3,108_19,49,32,5583.1
778,50_1,1,0.75,108_20,50,2,1.25
779,50_2,2,0.5,108_21,50,2,1.25
780,51_1,1,0.6,109_1,51,15,522.6
781,51_2,2,0.75,109_2,51,15,522.6
782,51_3,3,500,109_3,51,15,522.6
783,51_4,4,0.6,109_4,51,15,522.6
784,51_5,5,0.6,109_5,51,15,522.6
785,51_6,6,0.6,109_6,51,15,522.6
786,51_7,7,0.6,109_7,51,15,522.6
787,51_8,8,1.25,109_8,51,15,522.6
788,51_9,9,7,109_9,51,15,522.6
789,51_10,10,1,109_10,51,15,522.6
790,51_11,11,7,109_11,51,15,522.6
791,51_12,12,0.6,109_12,51,15,522.6
792,51_13,13,0.75,109_13,51,15,522.6
793,51_14,14,0.75,109_14,51,15,522.6
794,51_15,15,0.5,109_15,51,15,522.6
795,52_1,1,0.6,110_1,52,19,93.75
796,52_2,2,0.5,110_2,52,19,93.75
797,52_3,3,0.9,110_3,52,19,93.75
798,52_4,4,0.5,110_4,52,19,93.75
799,52_5,5,0.5,110_5,52,19,93.75
800,52_6,6,0.5,110_6,52,19,93.75
801,52_7,7,0.6,110_7,52,19,93.75
802,52_8,8,0.9,110_8,52,19,93.75
803,52_9,9,0.75,110_9,52,19,93.75
804,52_10,10,0.75,110_10,52,19,93.75
805,52_11,11,0.75,110_11,52,19,93.75
806,52_12,12,7,110_12,52,19,93.75
807,52_13,13,0.5,110_13,52,19,93.75
808,52_14,14,20,113_1,52,19,93.75
809,52_15,15,20,113_2,52,19,93.75
810,52_16,16,2,113_3,52,19,93.75
811,52_17,17,30,113_4,52,19,93.75
812,52_18,18,3,113_5,52,19,93.75
813,52_19,19,4,113_6,52,19,93.75
814,53_1,1,0.75,114_1,53,15,33.35
815,53_2,2,0.6,114_2,53,15,33.35
816,53_3,3,0.6,114_3,53,15,33.35
817,53_4,4,0.6,114_4,53,15,33.35
818,53_5,5,0.6,114_5,53,15,33.35
819,53_6,6,3,114_6,53,15,33.35
820,53_7,7,0.6,114_7,53,15,33.35
821,53_8,8,0.6,114_8,53,15,33.35
822,53_9,9,0.75,114_9,53,15,33.35
823,53_10,10,1.75,114_10,53,15,33.35
824,53_11,11,1.25,114_11,53,15,33.35
825,53_12,12,15,114_12,53,15,33.35
826,53_13,13,0.75,114_13,53,15,33.35
827,53_14,14,6,114_14,53,15,33.35
828,53_15,15,0.5,114_15,53,15,33.35
829,54_1,1,0.75,115_1,54,26,1038.1
830,54_2,2,0.6,115_2,54,26,1038.1
831,54_3,3,0.75,115_3,54,26,1038.1
832,54_4,4,0.75,115_4,54,26,1038.1
833,54_5,5,0.75,115_5,54,26,1038.1
834,54_6,6,0.75,115_6,54,26,1038.1
835,54_7,7,0.75,115_7,54,26,1038.1
836,54_8,8,0.75,115_8,54,26,1038.1
837,54_9,9,0.6,115_9,54,26,1038.1
838,54_10,10,0.6,115_10,54,26,1038.1
839,54_11,11,3,115_11,54,26,1038.1
840,54_12,12,0.5,115_12,54,26,1038.1
841,54_13,13,5,115_13,54,26,1038.1
842,54_14,14,0.3,115_14,54,26,1038.1
843,54_15,15,25,116_1,54,26,1038.1
844,54_16,16,20,116_2,54,26,1038.1
845,54_17,17,25,116_3,54,26,1038.1
846,54_18,18,25,116_4,54,26,1038.1
847,54_19,19,8,116_5,54,26,1038.1
848,54_20,20,8,116_6,54,26,1038.1
849,54_21,21,0.5,116_7,54,26,1038.1
850,54_22,22,0.75,116_8,54,26,1038.1
851,54_23,23,130,116_9,54,26,1038.1
852,54_24,24,180,116_10,54,26,1038.1
853,54_25,25,300,116_11,54,26,1038.1
854,54_26,26,300,116_12,54,26,1038.1
855,55_1,1,0.5,117_1,55,15,97.25
856,55_2,2,0.5,117_2,55,15,97.25
857,55_3,3,3.5,117_3,55,15,97.25
858,55_4,4,8,117_4,55,15,97.25
859,55_5,5,0.5,117_5,55,15,97.25
860,55_6,6,0.5,117_6,55,15,97.25
861,55_7,7,0.5,117_7,55,15,97.25
862,55_8,8,0.5,117_8,55,15,97.25
863,55_9,9,0.5,117_9,55,15,97.25
864,55_10,10,0.5,117_10,55,15,97.25
865,55_11,11,0.5,117_11,55,15,97.25
866,55_12,12,0.5,117_12,55,15,97.25
867,55_13,13,0.5,117_13,55,15,97.25
868,55_14,14,0.25,117_14,55,15,97.25
869,55_15,15,80,117_15,55,15,97.25
870,56_1,1,1,118_1,56,14,8.95
871,56_2,2,0.6,118_2,56,14,8.95
872,56_3,3,0.6,118_3,56,14,8.95
873,56_4,4,0.6,118_4,56,14,8.95
874,56_5,5,0.6,118_5,56,14,8.95
875,56_6,6,0.75,118_6,56,14,8.95
876,56_7,7,0.6,118_7,56,14,8.95
877,56_8,8,0.75,118_8,56,14,8.95
878,56_9,9,0.75,118_9,56,14,8.95
879,56_10,10,0.6,118_10,56,14,8.95
880,56_11,11,0.6,118_11,56,14,8.95
881,56_12,12,0.75,118_12,56,14,8.95
882,56_13,13,0.5,118_13,56,14,8.95
883,56_14,14,0.25,118_14,56,14,8.95
884,57_1,1,1.25,119_1,57,28,697.15
885,57_2,2,0.8,119_2,57,28,697.15
886,57_3,3,0.8,119_3,57,28,697.15
887,57_4,4,0.8,119_4,57,28,697.15
888,57_5,5,2.5,119_5,57,28,697.15
889,57_6,6,0.8,119_6,57,28,697.15
890,57_7,7,0.8,119_7,57,28,697.15
891,57_8,8,0.8,119_8,57,28,697.15
892,57_9,9,0.8,119_9,57,28,697.15
893,57_10,10,1,119_10,57,28,697.15
894,57_11,11,0.5,119_11,57,28,697.15
895,57_12,12,4,119_12,57,28,697.15
896,57_13,13,0.3,119_13,57,28,697.15
897,57_14,14,2,119_14,57,28,697.15
898,57_15,15,25,120_1,57,28,697.15
899,57_16,16,10,120_2,57,28,697.15
900,57_17,17,10,120_3,57,28,697.15
901,57_18,18,10,120_4,57,28,697.15
902,57_19,19,10,120_5,57,28,697.15
903,57_20,20,10,120_6,57,28,697.15
904,57_21,21,10,120_7,57,28,697.15
905,57_22,22,10,120_8,57,28,697.15
906,57_23,23,60,120_9,57,28,697.15
907,57_24,24,10,120_10,57,28,697.15
908,57_25,25,5,120_11,57,28,697.15
909,57_26,26,300,120_12,57,28,697.15
910,57_27,27,10,120_13,57,28,697.15
911,57_28,28,200,120_14,57,28,697.15
912,58_1,1,0.75,121_1,58,16,88.85
913,58_2,2,0.75,121_2,58,16,88.85
914,58_3,3,0.6,121_3,58,16,88.85
915,58_4,4,0.6,121_4,58,16,88.85
916,58_5,5,0.6,121_5,58,16,88.85
917,58_6,6,0.6,121_6,58,16,88.85
918,58_7,7,0.6,121_7,58,16,88.85
919,58_8,8,0.6,121_8,58,16,88.85
920,58_9,9,0.75,121_9,58,16,88.85
921,58_10,10,35,121_10,58,16,88.85
922,58_11,11,0.75,121_11,58,16,88.85
923,58_12,12,25,121_12,58,16,88.85
924,58_13,13,20,121_13,58,16,88.85
925,58_14,14,0.5,121_14,58,16,88.85
926,58_15,15,0.25,121_15,58,16,88.85
927,58_16,16,1.5,121_16,58,16,88.85
928,59_1,1,0.5,123_1,59,14,31.95
929,59_2,2,0.5,123_2,59,14,31.95
930,59_3,3,0.5,123_3,59,14,31.95
931,59_4,4,0.5,123_4,59,14,31.95
932,59_5,5,0.5,123_5,59,14,31.95
933,59_6,6,0.5,123_6,59,14,31.95
934,59_7,7,0.5,123_7,59,14,31.95
935,59_8,8,0.75,123_8,59,14,31.95
936,59_9,9,25,123_9,59,14,31.95
937,59_10,10,0.5,123_10,59,14,31.95
938,59_11,11,0.5,123_11,59,14,31.95
939,59_12,12,0.5,123_12,59,14,31.95
940,59_13,13,0.2,123_13,59,14,31.95
941,59_14,14,1,123_14,59,14,31.95
942,60_1,1,0.8,125_1,60,12,10.25
943,60_2,2,0.8,125_2,60,12,10.25
944,60_3,3,2,125_3,60,12,10.25
945,60_4,4,0.8,125_4,60,12,10.25
946,60_5,5,0.8,125_5,60,12,10.25
947,60_6,6,0.8,125_6,60,12,10.25
948,60_7,7,0.8,125_7,60,12,10.25
949,60_8,8,0.8,125_8,60,12,10.25
950,60_9,9,0.8,125_9,60,12,10.25
951,60_10,10,0.8,125_10,60,12,10.25
952,60_11,11,0.8,125_11,60,12,10.25
953,60_12,12,0.25,125_12,60,12,10.25
954,61_1,1,1,127_1,61,22,36.65
955,61_2,2,0.6,127_2,61,22,36.65
956,61_3,3,0.75,127_3,61,22,36.65
957,61_4,4,0.75,127_4,61,22,36.65
958,61_5,5,1,127_5,61,22,36.65
959,61_6,6,0.6,127_6,61,22,36.65
960,61_7,7,0.75,127_7,61,22,36.65
961,61_8,8,0.75,127_8,61,22,36.65
962,61_9,9,0.75,127_9,61,22,36.65
963,61_10,10,0.6,127_10,61,22,36.65
964,61_11,11,0.25,127_11,61,22,36.65
965,61_12,12,0.5,128_1,61,22,36.65
966,61_13,13,0.75,128_2,61,22,36.65
967,61_14,14,3,128_3,61,22,36.65
968,61_15,15,4,128_4,61,22,36.65
969,61_16,16,1,128_5,61,22,36.65
970,61_17,17,0.75,128_6,61,22,36.65
971,61_18,18,10,128_7,61,22,36.65
972,61_19,19,1.5,128_8,61,22,36.65
973,61_20,20,0.6,128_9,61,22,36.65
974,61_21,21,0.75,128_10,61,22,36.65
975,61_22,22,6,128_11,61,22,36.65
976,62_1,1,0.6,129_1,62,11,6.7
977,62_2,2,0.75,129_2,62,11,6.7
978,62_3,3,0.6,129_3,62,11,6.7
979,62_4,4,0.6,129_4,62,11,6.7
980,62_5,5,0.75,129_5,62,11,6.7
981,62_6,6,0.75,129_6,62,11,6.7
982,62_7,7,0.6,129_7,62,11,6.7
983,62_8,8,0.6,129_8,62,11,6.7
984,62_9,9,0.6,129_9,62,11,6.7
985,62_10,10,0.6,129_10,62,11,6.7
986,62_11,11,0.25,129_11,62,11,6.7
987,63_1,1,0.75,131_1,63,27,58.25
988,63_2,2,0.75,131_2,63,27,58.25
989,63_3,3,0.75,131_3,63,27,58.25
990,63_4,4,0.75,131_4,63,27,58.25
991,63_5,5,0.75,131_5,63,27,58.25
992,63_6,6,0.75,131_6,63,27,58.25
993,63_7,7,0.75,131_7,63,27,58.25
994,63_8,8,0.75,131_8,63,27,58.25
995,63_9,9,0.75,131_9,63,27,58.25
996,63_10,10,0.75,131_10,63,27,58.25
997,63_11,11,0.75,131_11,63,27,58.25
998,63_12,12,0.75,131_12,63,27,58.25
999,63_13,13,0.75,131_13,63,27,58.25
1000,63_14,14,0.5,131_14,63,27,58.25
1001,63_15,15,0.5,131_15,63,27,58.25
1002,63_16,16,12,131_16,63,27,58.25
1003,63_17,17,0.75,132_1,63,27,58.25
1004,63_18,18,0.75,132_2,63,27,58.25
1005,63_19,19,4,132_3,63,27,58.25
1006,63_20,20,4,132_4,63,27,58.25
1007,63_21,21,4,132_5,63,27,58.25
1008,63_22,22,3,132_6,63,27,58.25
1009,63_23,23,3,132_7,63,27,58.25
1010,63_24,24,4,132_8,63,27,58.25
1011,63_25,25,4,132_9,63,27,58.25
1012,63_26,26,4,132_10,63,27,58.25
1013,63_27,27,4,132_11,63,27,58.25
1014,64_1,1,1.5,133_1,64,13,14
1015,64_2,2,0.75,133_2,64,13,14
1016,64_3,3,1.5,133_3,64,13,14
1017,64_4,4,1.25,133_4,64,13,14
1018,64_5,5,0.75,133_5,64,13,14
1019,64_6,6,1.25,133_6,64,13,14
1020,64_7,7,1,133_7,64,13,14
1021,64_8,8,0.75,133_8,64,13,14
1022,64_9,9,0.75,133_9,64,13,14
1023,64_10,10,0.75,133_10,64,13,14
1024,64_11,11,0.5,133_11,64,13,14
1025,64_12,12,3,133_12,64,13,14
1026,64_13,13,0.25,133_13,64,13,14
1027,65_1,1,0.75,134_1,65,12,9.9
1028,65_2,2,0.75,134_2,65,12,9.9
1029,65_3,3,0.75,134_3,65,12,9.9
1030,65_4,4,1.25,134_4,65,12,9.9
1031,65_5,5,0.75,134_5,65,12,9.9
1032,65_6,6,0.75,134_6,65,12,9.9
1033,65_7,7,1.25,134_7,65,12,9.9
1034,65_8,8,0.75,134_8,65,12,9.9
1035,65_9,9,0.75,134_9,65,12,9.9
1036,65_10,10,0.75,134_10,65,12,9.9
1037,65_11,11,1,134_11,65,12,9.9
1038,65_12,12,0.4,134_12,65,12,9.9
1039,66_1,1,1,135_1,66,20,180.75
1040,66_2,2,2,135_2,66,20,180.75
1041,66_3,3,0.75,135_3,66,20,180.75
1042,66_4,4,0.75,135_4,66,20,180.75
1043,66_5,5,2,135_5,66,20,180.75
1044,66_6,6,0.75,135_6,66,20,180.75
1045,66_7,7,7,135_7,66,20,180.75
1046,66_8,8,1.5,135_8,66,20,180.75
1047,66_9,9,1.5,135_9,66,20,180.75
1048,66_10,10,150,135_10,66,20,180.75
1049,66_11,11,1,135_11,66,20,180.75
1050,66_12,12,0.75,135_12,66,20,180.75
1051,66_13,13,0.75,135_13,66,20,180.75
1052,66_14,14,0.75,135_14,66,20,180.75
1053,66_15,15,0.75,135_15,66,20,180.75
1054,66_16,16,7,135_16,66,20,180.75
1055,66_17,17,0.75,135_17,66,20,180.75
1056,66_18,18,0.5,135_18,66,20,180.75
1057,66_19,19,0.25,135_19,66,20,180.75
1058,66_20,20,1,135_20,66,20,180.75
1059,67_1,1,1.5,136_1,67,7,33.3
1060,67_2,2,20,136_2,67,7,33.3
1061,67_3,3,1.5,136_3,67,7,33.3
1062,67_4,4,1.5,136_4,67,7,33.3
1063,67_5,5,1.5,136_5,67,7,33.3
1064,67_6,6,7,136_6,67,7,33.3
1065,67_7,7,0.3,136_7,67,7,33.3
1066,68_1,1,1.25,137_1,68,14,37.5
1067,68_2,2,1,137_2,68,14,37.5
1068,68_3,3,1,137_3,68,14,37.5
1069,68_4,4,15,137_4,68,14,37.5
1070,68_5,5,1,137_5,68,14,37.5
1071,68_6,6,2,137_6,68,14,37.5
1072,68_7,7,1,137_7,68,14,37.5
1073,68_8,8,3,137_8,68,14,37.5
1074,68_9,9,1.25,137_9,68,14,37.5
1075,68_10,10,1,137_10,68,14,37.5
1076,68_11,11,2,137_11,68,14,37.5
1077,68_12,12,0.5,137_12,68,14,37.5
1078,68_13,13,0.5,137_13,68,14,37.5
1079,68_14,14,7,137_14,68,14,37.5
1080,69_1,1,1,138_1,69,13,12.25
1081,69_2,2,0.75,138_2,69,13,12.25
1082,69_3,3,0.75,138_3,69,13,12.25
1083,69_4,4,1,138_4,69,13,12.25
1084,69_5,5,0.75,138_5,69,13,12.25
1085,69_6,6,0.75,138_6,69,13,12.25
1086,69_7,7,0.75,138_7,69,13,12.25
1087,69_8,8,0.75,138_8,69,13,12.25
1088,69_9,9,0.75,138_9,69,13,12.25
1089,69_10,10,0.75,138_10,69,13,12.25
1090,69_11,11,0.5,138_11,69,13,12.25
1091,69_12,12,0.25,138_12,69,13,12.25
1092,69_13,13,3.5,138_13,69,13,12.25
1093,70_1,1,0.75,139_1,70,12,10
1094,70_2,2,0.75,139_2,70,12,10
1095,70_3,3,1.5,139_3,70,12,10
1096,70_4,4,1,139_4,70,12,10
1097,70_5,5,1,139_5,70,12,10
1098,70_6,6,1,139_6,70,12,10
1099,70_7,7,1,139_7,70,12,10
1100,70_8,8,0.75,139_8,70,12,10
1101,70_9,9,0.75,139_9,70,12,10
1102,70_10,10,0.75,139_10,70,12,10
1103,70_11,11,0.5,139_11,70,12,10
1104,70_12,12,0.25,139_12,70,12,10
1105,71_1,1,0.75,140_1,71,20,64.25
1106,71_2,2,0.75,140_2,71,20,64.25
1107,71_3,3,0.75,140_3,71,20,64.25
1108,71_4,4,0.75,140_4,71,20,64.25
1109,71_5,5,0.75,140_5,71,20,64.25
1110,71_6,6,0.75,140_6,71,20,64.25
1111,71_7,7,0.75,140_7,71,20,64.25
1112,71_8,8,0.75,140_8,71,20,64.25
1113,71_9,9,0.75,140_9,71,20,64.25
1114,71_10,10,0.75,140_10,71,20,64.25
1115,71_11,11,0.5,140_11,71,20,64.25
1116,71_12,12,0.25,140_12,71,20,64.25
1117,71_13,13,7,141_1,71,20,64.25
1118,71_14,14,3,141_2,71,20,64.25
1119,71_15,15,3,141_3,71,20,64.25
1120,71_16,16,7,141_4,71,20,64.25
1121,71_17,17,5,141_5,71,20,64.25
1122,71_18,18,3,141_6,71,20,64.25
1123,71_19,19,8,141_7,71,20,64.25
1124,71_20,20,20,141_8,71,20,64.25
1125,72_1,1,1.5,142_1,72,6,8.5
1126,72_2,2,1.5,142_2,72,6,8.5
1127,72_3,3,1.5,142_3,72,6,8.5
1128,72_4,4,1.5,142_4,72,6,8.5
1129,72_5,5,1.5,142_5,72,6,8.5
1130,72_6,6,1,142_6,72,6,8.5
1131,73_1,1,1.5,142_7,73,7,10
1132,73_2,2,1.5,142_8,73,7,10
1133,73_3,3,1.5,142_9,73,7,10
1134,73_4,4,1.5,142_10,73,7,10
1135,73_5,5,1.5,142_11,73,7,10
1136,73_6,6,1.5,142_12,73,7,10
1137,73_7,7,1,142_13,73,7,10
1138,74_1,1,1.5,143_1,74,18,101.75
1139,74_2,2,1.75,143_2,74,18,101.75
1140,74_3,3,1.5,143_3,74,18,101.75
1141,74_4,4,1.5,143_4,74,18,101.75
1142,74_5,5,1.5,143_5,74,18,101.75
1143,74_6,6,1.5,143_6,74,18,101.75
1144,74_7,7,1.5,143_7,74,18,101.75
1145,74_8,8,4,143_8,74,18,101.75
1146,74_9,9,1.5,143_9,74,18,101.75
1147,74_10,10,1.5,143_10,74,18,101.75
1148,74_11,11,1,143_11,74,18,101.75
1149,74_12,12,1,143_12,74,18,101.75
1150,74_13,13,1.5,143_13,74,18,101.75
1151,74_14,14,35,144_1,74,18,101.75
1152,74_15,15,40,144_2,74,18,101.75
1153,74_16,16,1.5,144_3,74,18,101.75
1154,74_17,17,2.5,144_4,74,18,101.75
1155,74_18,18,1.5,144_5,74,18,101.75
1156,75_1,1,2,144_6,75,9,11.7
1157,75_2,2,2,144_7,75,9,11.7
1158,75_3,3,2,144_8,75,9,11.7
1159,75_4,4,2,144_9,75,9,11.7
1160,75_5,5,0.8,144_10,75,9,11.7
1161,75_6,6,0.8,144_11,75,9,11.7
1162,75_7,7,0.8,144_12,75,9,11.7
1163,75_8,8,0.8,144_13,75,9,11.7
1164,75_9,9,0.5,144_14,75,9,11.7
1165,76_1,1,1,145_1,76,18,34.05
1166,76_2,2,0.75,145_2,76,18,34.05
1167,76_3,3,5,145_3,76,18,34.05
1168,76_4,4,0.75,145_4,76,18,34.05
1169,76_5,5,0.75,145_5,76,18,34.05
1170,76_6,6,0.75,145_6,76,18,34.05
1171,76_7,7,0.75,145_7,76,18,34.05
1172,76_8,8,0.75,145_8,76,18,34.05
1173,76_9,9,0.75,145_9,76,18,34.05
1174,76_10,10,0.3,145_10,76,18,34.05
1175,76_11,11,3,145_11,76,18,34.05
1176,76_12,12,1,145_12,76,18,34.05
1177,76_13,13,0.75,145_13,76,18,34.05
1178,76_14,14,5,145_14,76,18,34.05
1179,76_15,15,5,145_15,76,18,34.05
1180,76_16,16,6,145_16,76,18,34.05
1181,76_17,17,0.75,145_17,76,18,34.05
1182,76_18,18,1,145_18,76,18,34.05
1183,77_1,1,3,146_1,77,13,24.5
1184,77_2,2,3,146_2,77,13,24.5
1185,77_3,3,5,146_3,77,13,24.5
1186,77_4,4,3,146_4,77,13,24.5
1187,77_5,5,1.5,146_5,77,13,24.5
1188,77_6,6,1,146_6,77,13,24.5
1189,77_7,7,1,146_7,77,13,24.5
1190,77_8,8,1,146_8,77,13,24.5
1191,77_9,9,1,146_9,77,13,24.5
1192,77_10,10,1,146_10,77,13,24.5
1193,77_11,11,3,146_11,77,13,24.5
1194,77_12,12,0.5,146_12,77,13,24.5
1195,77_13,13,0.5,146_13,77,13,24.5
1196,78_1,1,1.5,147_1,78,15,123.5
1197,78_2,2,6,147_2,78,15,123.5
1198,78_3,3,1.5,147_3,78,15,123.5
1199,78_4,4,1.5,147_4,78,15,123.5
1200,78_5,5,1.5,147_5,78,15,123.5
1201,78_6,6,1.5,147_6,78,15,123.5
1202,78_7,7,1.5,147_7,78,15,123.5
1203,78_8,8,3.5,147_8,78,15,123.5
1204,78_9,9,1.5,147_9,78,15,123.5
1205,78_10,10,1.5,147_10,78,15,123.5
1206,78_11,11,60,147_11,78,15,123.5
1207,78_12,12,0.5,147_12,78,15,123.5
1208,78_13,13,0.5,147_13,78,15,123.5
1209,78_14,14,40,147_14,78,15,123.5
1210,78_15,15,1,147_15,78,15,123.5
1211,79_1,1,0.75,148_1,79,7,4.8
1212,79_2,2,0.75,148_2,79,7,4.8
1213,79_3,3,0.75,148_3,79,7,4.8
1214,79_4,4,0.75,148_4,79,7,4.8
1215,79_5,5,0.75,148_5,79,7,4.8
1216,79_6,6,0.75,148_6,79,7,4.8
1217,79_7,7,0.3,148_7,79,7,4.8
1218,80_1,1,1.5,149_1,80,12,18
1219,80_2,2,1.5,149_2,80,12,18
1220,80_3,3,1.5,149_3,80,12,18
1221,80_4,4,1.5,149_4,80,12,18
1222,80_5,5,1.5,149_5,80,12,18
1223,80_6,6,1.5,149_6,80,12,18
1224,80_7,7,1.5,149_7,80,12,18
1225,80_8,8,3.5,149_8,80,12,18
1226,80_9,9,1.5,149_9,80,12,18
1227,80_10,10,1.5,149_10,80,12,18
1228,80_11,11,0.5,149_11,80,12,18
1229,80_12,12,0.5,149_12,80,12,18
1230,81_1,1,2,150_1,81,4,10.5
1231,81_2,2,2,150_2,81,4,10.5
1232,81_3,3,0.5,150_3,81,4,10.5
1233,81_4,4,6,150_4,81,4,10.5
1234,82_1,1,0.6,151_1,82,15,9.7
1235,82_2,2,2,151_2,82,15,9.7
1236,82_3,3,0.6,151_3,82,15,9.7
1237,82_4,4,0.6,151_4,82,15,9.7
1238,82_5,5,0.6,151_5,82,15,9.7
1239,82_6,6,0.6,151_6,82,15,9.7
1240,82_7,7,0.6,151_7,82,15,9.7
1241,82_8,8,0.6,151_8,82,15,9.7
1242,82_9,9,0.6,151_9,82,15,9.7
1243,82_10,10,0.6,151_10,82,15,9.7
1244,82_11,11,0.6,151_11,82,15,9.7
1245,82_12,12,0.6,151_12,82,15,9.7
1246,82_13,13,0.6,151_13,82,15,9.7
1247,82_14,14,0.3,151_14,82,15,9.7
1248,82_15,15,0.2,151_15,82,15,9.7
1249,83_1,1,0.6,152_1,83,13,7
1250,83_2,2,0.6,152_2,83,13,7
1251,83_3,3,0.6,152_3,83,13,7
1252,83_4,4,0.6,152_4,83,13,7
1253,83_5,5,0.6,152_5,83,13,7
1254,83_6,6,0.6,152_6,83,13,7
1255,83_7,7,0.6,152_7,83,13,7
1256,83_8,8,0.6,152_8,83,13,7
1257,83_9,9,0.6,152_9,83,13,7
1258,83_10,10,0.6,152_10,83,13,7
1259,83_11,11,0.5,152_11,83,13,7
1260,83_12,12,0.3,152_12,83,13,7
1261,83_13,13,0.2,152_13,83,13,7
1262,84_1,1,1,153_1,84,8,13.9
1263,84_2,2,1,153_2,84,8,13.9
1264,84_3,3,2,153_3,84,8,13.9
1265,84_4,4,2,153_4,84,8,13.9
1266,84_5,5,5,153_5,84,8,13.9
1267,84_6,6,1,153_6,84,8,13.9
1268,84_7,7,1.5,153_7,84,8,13.9
1269,84_8,8,0.4,153_8,84,8,13.9
1270,85_1,1,1.5,154_1,85,13,65.6
1271,85_2,2,25,154_2,85,13,65.6
1272,85_3,3,1.5,154_3,85,13,65.6
1273,85_4,4,1.5,154_4,85,13,65.6
1274,85_5,5,1.5,154_5,85,13,65.6
1275,85_6,6,2,154_6,85,13,65.6
1276,85_7,7,1.5,154_7,85,13,65.6
1277,85_8,8,2,154_8,85,13,65.6
1278,85_9,9,1.5,154_9,85,13,65.6
1279,85_10,10,25,154_10,85,13,65.6
1280,85_11,11,1.5,154_11,85,13,65.6
1281,85_12,12,0.5,154_12,85,13,65.6
1282,85_13,13,0.6,154_13,85,13,65.6
1283,86_1,1,2,155_1,86,6,14.5
1284,86_2,2,2,155_2,86,6,14.5
1285,86_3,3,1.5,155_3,86,6,14.5
1286,86_4,4,0.5,155_4,86,6,14.5
1287,86_5,5,0.5,155_5,86,6,14.5
1288,86_6,6,8,155_6,86,6,14.5
1289,87_1,1,1,156_1,87,27,143.7
1290,87_2,2,1,156_2,87,27,143.7
1291,87_3,3,3.5,156_3,87,27,143.7
1292,87_4,4,4.5,156_4,87,27,143.7
1293,87_5,5,1.5,156_5,87,27,143.7
1294,87_6,6,50,156_6,87,27,143.7
1295,87_7,7,3,156_7,87,27,143.7
1296,87_8,8,2.5,156_8,87,27,143.7
1297,87_9,9,50,156_9,87,27,143.7
1298,87_10,10,2,156_10,87,27,143.7
1299,87_11,11,3,156_11,87,27,143.7
1300,87_12,12,1.5,156_12,87,27,143.7
1301,87_13,13,1.5,156_13,87,27,143.7
1302,87_14,14,1.5,156_14,87,27,143.7
1303,87_15,15,2,156_15,87,27,143.7
1304,87_16,16,2,156_16,87,27,143.7
1305,87_17,17,0.5,156_17,87,27,143.7
1306,87_18,18,3,156_18,87,27,143.7
1307,87_19,19,1.5,156_19,87,27,143.7
1308,87_20,20,0.75,157_1,87,27,143.7
1309,87_21,21,0.75,157_2,87,27,143.7
1310,87_22,22,0.75,157_3,87,27,143.7
1311,87_23,23,0.75,157_4,87,27,143.7
1312,87_24,24,1.25,157_5,87,27,143.7
1313,87_25,25,3.5,157_6,87,27,143.7
1314,87_26,26,0.25,157_7,87,27,143.7
1315,87_27,27,0.2,157_8,87,27,143.7
1316,88_1,1,0.75,157_9,88,5,5.25
1317,88_2,2,0.75,157_10,88,5,5.25
1318,88_3,3,2,157_11,88,5,5.25
1319,88_4,4,0.75,157_12,88,5,5.25
1320,88_5,5,1,157_13,88,5,5.25
1321,89_1,1,0.75,158_1,89,16,91.45
1322,89_2,2,0.75,158_2,89,16,91.45
1323,89_3,3,0.75,158_3,89,16,91.45
1324,89_4,4,0.75,158_4,89,16,91.45
1325,89_5,5,1,158_5,89,16,91.45
1326,89_6,6,0.75,158_6,89,16,91.45
1327,89_7,7,0.75,158_7,89,16,91.45
1328,89_8,8,35,158_8,89,16,91.45
1329,89_9,9,3,158_9,89,16,91.45
1330,89_10,10,3,158_10,89,16,91.45
1331,89_11,11,3,158_11,89,16,91.45
1332,89_12,12,0.75,158_12,89,16,91.45
1333,89_13,13,40,158_13,89,16,91.45
1334,89_14,14,0.75,158_14,89,16,91.45
1335,89_15,15,0.25,158_15,89,16,91.45
1336,89_16,16,0.2,158_16,89,16,91.45
1337,90_1,1,0.6,159_1,90,16,14.25
1338,90_2,2,0.6,159_2,90,16,14.25
1339,90_3,3,0.6,159_3,90,16,14.25
1340,90_4,4,0.6,159_4,90,16,14.25
1341,90_5,5,0.6,159_5,90,16,14.25
1342,90_6,6,0.6,159_6,90,16,14.25
1343,90_7,7,0.6,159_7,90,16,14.25
1344,90_8,8,0.6,159_8,90,16,14.25
1345,90_9,9,0.6,159_9,90,16,14.25
1346,90_10,10,0.6,159_10,90,16,14.25
1347,90_11,11,0.6,159_11,90,16,14.25
1348,90_12,12,0.6,159_12,90,16,14.25
1349,90_13,13,0.6,159_13,90,16,14.25
1350,90_14,14,0.25,159_14,90,16,14.25
1351,90_15,15,0.2,159_15,90,16,14.25
1352,90_16,16,6,159_16,90,16,14.25
1353,91_1,1,1.5,160_1,91,15,50.5
1354,91_2,2,1.5,160_2,91,15,50.5
1355,91_3,3,1.5,160_3,91,15,50.5
1356,91_4,4,2,160_4,91,15,50.5
1357,91_5,5,7.5,160_5,91,15,50.5
1358,91_6,6,6.5,160_6,91,15,50.5
1359,91_7,7,1.5,160_7,91,15,50.5
1360,91_8,8,7.5,160_8,91,15,50.5
1361,91_9,9,6.5,160_9,91,15,50.5
1362,91_10,10,1.5,160_10,91,15,50.5
1363,91_11,11,0.5,160_11,91,15,50.5
1364,91_12,12,7,160_12,91,15,50.5
1365,91_13,13,4,160_13,91,15,50.5
1366,91_14,14,1,160_14,91,15,50.5
1367,91_15,15,0.5,160_15,91,15,50.5
1368,92_1,1,2,161_1,92,13,198.6
1369,92_2,2,180,161_2,92,13,198.6
1370,92_3,3,1.25,161_3,92,13,198.6
1371,92_4,4,1.25,161_4,92,13,198.6
1372,92_5,5,1.25,161_5,92,13,198.6
1373,92_6,6,1.25,161_6,92,13,198.6
1374,92_7,7,1.25,161_7,92,13,198.6
1375,92_8,8,2,161_8,92,13,198.6
1376,92_9,9,1.5,161_9,92,13,198.6
1377,92_10,10,1.5,161_10,92,13,198.6
1378,92_11,11,2.5,161_11,92,13,198.6
1379,92_12,12,2.5,161_12,92,13,198.6
1380,92_13,13,0.35,161_13,92,13,198.6
1381,93_1,1,1,162_1,93,8,19.5
1382,93_2,2,2.5,162_2,93,8,19.5
1383,93_3,3,1,162_3,93,8,19.5
1384,93_4,4,1,162_4,93,8,19.5
1385,93_5,5,3.5,162_5,93,8,19.5
1386,93_6,6,1,162_6,93,8,19.5
1387,93_7,7,9,162_7,93,8,19.5
1388,93_8,8,0.5,162_8,93,8,19.5
1389,94_1,1,2,163_1,94,13,18.3
1390,94_2,2,2,163_2,94,13,18.3
1391,94_3,3,2,163_3,94,13,18.3
1392,94_4,4,1,163_4,94,13,18.3
1393,94_5,5,1,163_5,94,13,18.3
1394,94_6,6,1,163_6,94,13,18.3
1395,94_7,7,1,163_7,94,13,18.3
1396,94_8,8,1,163_8,94,13,18.3
1397,94_9,9,1,163_9,94,13,18.3
1398,94_10,10,2,163_10,94,13,18.3
1399,94_11,11,2,163_11,94,13,18.3
1400,94_12,12,2,163_12,94,13,18.3
1401,94_13,13,0.3,163_13,94,13,18.3
1402,95_1,1,0.8,164_1,95,13,40.65
1403,95_2,2,0.8,164_2,95,13,40.65
1404,95_3,3,0.8,164_3,95,13,40.65
1405,95_4,4,0.8,164_4,95,13,40.65
1406,95_5,5,15,164_5,95,13,40.65
1407,95_6,6,0.8,164_6,95,13,40.65
1408,95_7,7,15,164_7,95,13,40.65
1409,95_8,8,1.5,164_8,95,13,40.65
1410,95_9,9,2.5,164_9,95,13,40.65
1411,95_10,10,0.8,164_10,95,13,40.65
1412,95_11,11,0.8,164_11,95,13,40.65
1413,95_12,12,0.8,164_12,95,13,40.65
1414,95_13,13,0.25,164_13,95,13,40.65
1415,96_1,1,1,165_1,96,17,85.4
1416,96_2,2,70,165_2,96,17,85.4
1417,96_3,3,1,165_3,96,17,85.4
1418,96_4,4,1,165_4,96,17,85.4
1419,96_5,5,1,165_5,96,17,85.4
1420,96_6,6,1,165_6,96,17,85.4
1421,96_7,7,1,165_7,96,17,85.4
1422,96_8,8,1,165_8,96,17,85.4
1423,96_9,9,1,165_9,96,17,85.4
1424,96_10,10,1,165_10,96,17,85.4
1425,96_11,11,1,165_11,96,17,85.4
1426,96_12,12,1,165_12,96,17,85.4
1427,96_13,13,1,165_13,96,17,85.4
1428,96_14,14,1,165_14,96,17,85.4
1429,96_15,15,1,165_15,96,17,85.4
1430,96_16,16,1,165_16,96,17,85.4
1431,96_17,17,0.4,165_17,96,17,85.4
1432,97_1,1,3,167_1,97,11,76.5
1433,97_2,2,8,167_2,97,11,76.5
1434,97_3,3,2.5,167_3,97,11,76.5
1435,97_4,4,5,167_4,97,11,76.5
1436,97_5,5,25,167_5,97,11,76.5
1437,97_6,6,2.5,167_6,97,11,76.5
1438,97_7,7,3.5,167_7,97,11,76.5
1439,97_8,8,2.5,167_8,97,11,76.5
1440,97_9,9,22,167_9,97,11,76.5
1441,97_10,10,1.5,167_10,97,11,76.5
1442,97_11,11,1,167_11,97,11,76.5
1443,98_1,1,1,168_1,98,17,346.75
1444,98_2,2,1,168_2,98,17,346.75
1445,98_3,3,300,168_3,98,17,346.75
1446,98_4,4,3.5,168_4,98,17,346.75
1447,98_5,5,1,168_5,98,17,346.75
1448,98_6,6,1,168_6,98,17,346.75
1449,98_7,7,1,168_7,98,17,346.75
1450,98_8,8,1,168_8,98,17,346.75
1451,98_9,9,1,168_9,98,17,346.75
1452,98_10,10,1,168_10,98,17,346.75
1453,98_11,11,1,168_11,98,17,346.75
1454,98_12,12,4,168_12,98,17,346.75
1455,98_13,13,12,168_13,98,17,346.75
1456,98_14,14,12,168_14,98,17,346.75
1457,98_15,15,1,168_15,98,17,346.75
1458,98_16,16,5,168_16,98,17,346.75
1459,98_17,17,0.25,168_17,98,17,346.75
1460,99_1,1,90,169_1,99,8,154
1461,99_2,2,2.5,169_2,99,8,154
1462,99_3,3,3,169_3,99,8,154
1463,99_4,4,2.5,169_4,99,8,154
1464,99_5,5,2.5,169_5,99,8,154
1465,99_6,6,2.5,169_6,99,8,154
1466,99_7,7,1,169_7,99,8,154
1467,99_8,8,50,169_8,99,8,154
1468,100_1,1,1.5,170_1,100,6,8.25
1469,100_2,2,2,170_2,100,6,8.25
1470,100_3,3,1.5,170_3,100,6,8.25
1471,100_4,4,1.5,170_4,100,6,8.25
1472,100_5,5,1.5,170_5,100,6,8.25
1473,100_6,6,0.25,170_6,100,6,8.25
1474,101_1,1,1.5,171_1,101,12,17.5
1475,101_2,2,1.5,171_2,101,12,17.5
1476,101_3,3,1.5,171_3,101,12,17.5
1477,101_4,4,1.5,171_4,101,12,17.5
1478,101_5,5,1.5,171_5,101,12,17.5
1479,101_6,6,1.5,171_6,101,12,17.5
1480,101_7,7,1.5,171_7,101,12,17.5
1481,101_8,8,1.5,171_8,101,12,17.5
1482,101_9,9,2,171_9,101,12,17.5
1483,101_10,10,1.5,171_10,101,12,17.5
1484,101_11,11,1.5,171_11,101,12,17.5
1485,101_12,12,0.5,171_12,101,12,17.5
1486,102_1,1,1.25,172_1,102,7,8
1487,102_2,2,1.25,172_2,102,7,8
1488,102_3,3,1.25,172_3,102,7,8
1489,102_4,4,1.25,172_4,102,7,8
1490,102_5,5,1.25,172_5,102,7,8
1491,102_6,6,1.25,172_6,102,7,8
1492,102_7,7,0.5,172_7,102,7,8
1493,103_1,1,1,173_1,103,13,15
1494,103_2,2,1.5,173_2,103,13,15
1495,103_3,3,1,173_3,103,13,15
1496,103_4,4,1,173_4,103,13,15
1497,103_5,5,1,173_5,103,13,15
1498,103_6,6,1.5,173_6,103,13,15
1499,103_7,7,1,173_7,103,13,15
1500,103_8,8,1,173_8,103,13,15
1501,103_9,9,1.5,173_9,103,13,15
1502,103_10,10,1,173_10,103,13,15
1503,103_11,11,1.5,173_11,103,13,15
1504,103_12,12,1.5,173_12,103,13,15
1505,103_13,13,0.5,173_13,103,13,15
1506,104_1,1,1.5,174_1,104,11,18.75
1507,104_2,2,2.5,174_2,104,11,18.75
1508,104_3,3,2,174_3,104,11,18.75
1509,104_4,4,2,174_4,104,11,18.75
1510,104_5,5,1.5,174_5,104,11,18.75
1511,104_6,6,1.5,174_6,104,11,18.75
1512,104_7,7,1.5,174_7,104,11,18.75
1513,104_8,8,2.5,174_8,104,11,18.75
1514,104_9,9,1.25,174_9,104,11,18.75
1515,104_10,10,2,174_10,104,11,18.75
1516,104_11,11,0.5,174_11,104,11,18.75
1517,105_1,1,0.8,175_1,105,9,6.65
1518,105_2,2,0.8,175_2,105,9,6.65
1519,105_3,3,0.8,175_3,105,9,6.65
1520,105_4,4,0.8,175_4,105,9,6.65
1521,105_5,5,0.8,175_5,105,9,6.65
1522,105_6,6,0.8,175_6,105,9,6.65
1523,105_7,7,0.8,175_7,105,9,6.65
1524,105_8,8,0.8,175_8,105,9,6.65
1525,105_9,9,0.25,175_9,105,9,6.65
1526,106_1,1,1.75,176_1,106,10,18.5
1527,106_2,2,1.75,176_2,106,10,18.5
1528,106_3,3,1.75,176_3,106,10,18.5
1529,106_4,4,1.75,176_4,106,10,18.5
1530,106_5,5,1.75,176_5,106,10,18.5
1531,106_6,6,1.75,176_6,106,10,18.5
1532,106_7,7,2.25,176_7,106,10,18.5
1533,106_8,8,3.5,176_8,106,10,18.5
1534,106_9,9,1.75,176_9,106,10,18.5
1535,106_10,10,0.5,176_10,106,10,18.5
1536,107_1,1,1.5,177_1,107,11,17.75
1537,107_2,2,1.5,177_2,107,11,17.75
1538,107_3,3,1.5,177_3,107,11,17.75
1539,107_4,4,1.5,177_4,107,11,17.75
1540,107_5,5,1.5,177_5,107,11,17.75
1541,107_6,6,1.5,177_6,107,11,17.75
1542,107_7,7,1.5,177_7,107,11,17.75
1543,107_8,8,3.5,177_8,107,11,17.75
1544,107_9,9,1.5,177_9,107,11,17.75
1545,107_10,10,1.5,177_10,107,11,17.75
1546,107_11,11,0.75,177_11,107,11,17.75
1547,108_1,1,1.5,178_1,108,15,65.5
1548,108_2,2,3,178_2,108,15,65.5
1549,108_3,3,7,178_3,108,15,65.5
1550,108_4,4,1.5,178_4,108,15,65.5
1551,108_5,5,1.5,178_5,108,15,65.5
1552,108_6,6,1.5,178_6,108,15,65.5
1553,108_7,7,1.5,178_7,108,15,65.5
1554,108_8,8,1.5,178_8,108,15,65.5
1555,108_9,9,1.5,178_9,108,15,65.5
1556,108_10,10,22,178_10,108,15,65.5
1557,108_11,11,3,178_11,108,15,65.5
1558,108_12,12,3,178_12,108,15,65.5
1559,108_13,13,15,178_13,108,15,65.5
1560,108_14,14,1.5,178_14,108,15,65.5
1561,108_15,15,0.5,178_15,108,15,65.5
1562,109_1,1,1.5,179_1,109,13,69.5
1563,109_2,2,4,179_2,109,13,69.5
1564,109_3,3,2.5,179_3,109,13,69.5
1565,109_4,4,1.5,179_4,109,13,69.5
1566,109_5,5,1.5,179_5,109,13,69.5
1567,109_6,6,10,179_6,109,13,69.5
1568,109_7,7,1.5,179_7,109,13,69.5
1569,109_8,8,2,179_8,109,13,69.5
1570,109_9,9,40,179_9,109,13,69.5
1571,109_10,10,1.5,179_10,109,13,69.5
1572,109_11,11,1.5,179_11,109,13,69.5
1573,109_12,12,1.5,179_12,109,13,69.5
1574,109_13,13,0.5,179_13,109,13,69.5
1575,110_1,1,0.6,180_1,110,5,3
1576,110_2,2,0.6,180_2,110,5,3
1577,110_3,3,0.6,180_3,110,5,3
1578,110_4,4,0.6,180_4,110,5,3
1579,110_5,5,0.6,180_5,110,5,3
1580,111_1,1,1.75,181_1,111,9,14.5
1581,111_2,2,1.75,181_2,111,9,14.5
1582,111_3,3,1.75,181_3,111,9,14.5
1583,111_4,4,1.75,181_4,111,9,14.5
1584,111_5,5,1.75,181_5,111,9,14.5
1585,111_6,6,1.75,181_6,111,9,14.5
1586,111_7,7,1.75,181_7,111,9,14.5
1587,111_8,8,1.75,181_8,111,9,14.5
1588,111_9,9,0.5,181_9,111,9,14.5
1589,112_1,1,1,182_1,112,12,15.3
1590,112_2,2,1,182_2,112,12,15.3
1591,112_3,3,1,182_3,112,12,15.3
1592,112_4,4,1,182_4,112,12,15.3
1593,112_5,5,1,182_5,112,12,15.3
1594,112_6,6,1,182_6,112,12,15.3
1595,112_7,7,1,182_7,112,12,15.3
1596,112_8,8,1,182_8,112,12,15.3
1597,112_9,9,1,182_9,112,12,15.3
1598,112_10,10,3,182_10,112,12,15.3
1599,112_11,11,3,182_11,112,12,15.3
1600,112_12,12,0.3,182_12,112,12,15.3
1601,113_1,1,0.6,183_1,113,11,6.25
1602,113_2,2,0.6,183_2,113,11,6.25
1603,113_3,3,0.6,183_3,113,11,6.25
1604,113_4,4,0.6,183_4,113,11,6.25
1605,113_5,5,0.6,183_5,113,11,6.25
1606,113_6,6,0.6,183_6,113,11,6.25
1607,113_7,7,0.6,183_7,113,11,6.25
1608,113_8,8,0.6,183_8,113,11,6.25
1609,113_9,9,0.6,183_9,113,11,6.25
1610,113_10,10,0.6,183_10,113,11,6.25
1611,113_11,11,0.25,183_11,113,11,6.25
1612,114_1,1,5,184_1,114,14,41.5
1613,114_2,2,1.5,184_2,114,14,41.5
1614,114_3,3,3.5,184_3,114,14,41.5
1615,114_4,4,3.5,184_4,114,14,41.5
1616,114_5,5,4,184_5,114,14,41.5
1617,114_6,6,7,184_6,114,14,41.5
1618,114_7,7,1.5,184_7,114,14,41.5
1619,114_8,8,2,184_8,114,14,41.5
1620,114_9,9,4,184_9,114,14,41.5
1621,114_10,10,1.5,184_10,114,14,41.5
1622,114_11,11,4.5,184_11,114,14,41.5
1623,114_12,12,1.5,184_12,114,14,41.5
1624,114_13,13,1.5,184_13,114,14,41.5
1625,114_14,14,0.5,184_14,114,14,41.5
1626,115_1,1,1.5,185_1,115,11,24
1627,115_2,2,1.5,185_2,115,11,24
1628,115_3,3,1.5,185_3,115,11,24
1629,115_4,4,1.5,185_4,115,11,24
1630,115_5,5,1.5,185_5,115,11,24
1631,115_6,6,1.5,185_6,115,11,24
1632,115_7,7,1.5,185_7,115,11,24
1633,115_8,8,1.5,185_8,115,11,24
1634,115_9,9,1.5,185_9,115,11,24
1635,115_10,10,0.5,185_10,115,11,24
1636,115_11,11,10,185_11,115,11,24
1637,116_1,1,30,186_1,116,6,157
1638,116_2,2,30,186_2,116,6,157
1639,116_3,3,30,186_3,116,6,157
1640,116_4,4,30,186_4,116,6,157
1641,116_5,5,30,186_5,116,6,157
1642,116_6,6,7,186_6,116,6,157
1643,117_1,1,1.5,187_1,117,13,150.5
1644,117_2,2,1.5,187_2,117,13,150.5
1645,117_3,3,1.5,187_3,117,13,150.5
1646,117_4,4,1.5,187_4,117,13,150.5
1647,117_5,5,1.5,187_5,117,13,150.5
1648,117_6,6,1.5,187_6,117,13,150.5
1649,117_7,7,1.5,187_7,117,13,150.5
1650,117_8,8,2,187_8,117,13,150.5
1651,117_9,9,2,187_9,117,13,150.5
1652,117_10,10,0.5,187_10,117,13,150.5
1653,117_11,11,0.5,187_11,117,13,150.5
1654,117_12,12,90,187_12,117,13,150.5
1655,117_13,13,45,187_13,117,13,150.5
1656,118_1,1,7,188_1,118,2,12
1657,118_2,2,5,188_2,118,2,12
1658,119_1,1,1,189_1,119,10,9.3
1659,119_2,2,1,189_2,119,10,9.3
1660,119_3,3,1,189_3,119,10,9.3
1661,119_4,4,1,189_4,119,10,9.3
1662,119_5,5,1,189_5,119,10,9.3
1663,119_6,6,1,189_6,119,10,9.3
1664,119_7,7,1,189_7,119,10,9.3
1665,119_8,8,1,189_8,119,10,9.3
1666,119_9,9,1,189_9,119,10,9.3
1667,119_10,10,0.3,189_10,119,10,9.3
1668,120_1,1,2,190_1,120,5,10.5
1669,120_2,2,2,190_2,120,5,10.5
1670,120_3,3,3,190_3,120,5,10.5
1671,120_4,4,1.5,190_4,120,5,10.5
1672,120_5,5,2,190_5,120,5,10.5
1673,121_1,1,1.5,190_6,121,15,20.5
1674,121_2,2,1.5,190_7,121,15,20.5
1675,121_3,3,1.5,190_8,121,15,20.5
1676,121_4,4,1.5,190_9,121,15,20.5
1677,121_5,5,1.5,190_10,121,15,20.5
1678,121_6,6,1.5,190_11,121,15,20.5
1679,121_7,7,1.5,190_12,121,15,20.5
1680,121_8,8,1.5,190_13,121,15,20.5
1681,121_9,9,0.5,190_14,121,15,20.5
1682,121_10,10,1.5,190_15,121,15,20.5
1683,121_11,11,1.5,190_16,121,15,20.5
1684,121_12,12,1.5,190_17,121,15,20.5
1685,121_13,13,1.5,190_18,121,15,20.5
1686,121_14,14,1.5,190_19,121,15,20.5
1687,121_15,15,0.5,190_20,121,15,20.5
1688,122_1,1,2,191_1,122,10,15
1689,122_2,2,2,191_2,122,10,15
1690,122_3,3,1.5,191_3,122,10,15
1691,122_4,4,1.5,191_4,122,10,15
1692,122_5,5,1.5,191_5,122,10,15
1693,122_6,6,1.5,191_6,122,10,15
1694,122_7,7,1.5,191_7,122,10,15
1695,122_8,8,1.5,191_8,122,10,15
1696,122_9,9,1.5,191_9,122,10,15
1697,122_10,10,0.5,191_10,122,10,15
1698,123_1,1,1.5,192_1,123,12,142.5
1699,123_2,2,1.5,192_2,123,12,142.5
1700,123_3,3,20,192_3,123,12,142.5
1701,123_4,4,2.5,192_4,123,12,142.5
1702,123_5,5,40,192_5,123,12,142.5
1703,123_6,6,70,192_6,123,12,142.5
1704,123_7,7,1.5,192_7,123,12,142.5
1705,123_8,8,1.25,192_8,123,12,142.5
1706,123_9,9,1.25,192_9,123,12,142.5
1707,123_10,10,1.5,192_10,123,12,142.5
1708,123_11,11,1,192_11,123,12,142.5
1709,123_12,12,0.5,192_12,123,12,142.5
1710,124_1,1,1.5,193_1,124,12,66.9
1711,124_2,2,1.5,193_2,124,12,66.9
1712,124_3,3,2,193_3,124,12,66.9
1713,124_4,4,1.5,193_4,124,12,66.9
1714,124_5,5,1.5,193_5,124,12,66.9
1715,124_6,6,1.5,193_6,124,12,66.9
1716,124_7,7,40,193_7,124,12,66.9
1717,124_8,8,1.5,193_8,124,12,66.9
1718,124_9,9,1.5,193_9,124,12,66.9
1719,124_10,10,4,193_10,124,12,66.9
1720,124_11,11,10,193_11,124,12,66.9
1721,124_12,12,0.4,193_12,124,12,66.9
1722,125_1,1,1.5,194_1,125,15,31.5
1723,125_2,2,3,194_2,125,15,31.5
1724,125_3,3,1.5,194_3,125,15,31.5
1725,125_4,4,3,194_4,125,15,31.5
1726,125_5,5,3,194_5,125,15,31.5
1727,125_6,6,5,194_6,125,15,31.5
1728,125_7,7,1.5,194_7,125,15,31.5
1729,125_8,8,1.5,194_8,125,15,31.5
1730,125_9,9,1.5,194_9,125,15,31.5
1731,125_10,10,1.5,194_10,125,15,31.5
1732,125_11,11,1.5,194_11,125,15,31.5
1733,125_12,12,1.5,194_12,125,15,31.5
1734,125_13,13,1.5,194_13,125,15,31.5
1735,125_14,14,3.5,194_14,125,15,31.5
1736,125_15,15,0.5,194_15,125,15,31.5
1737,126_1,1,1.75,195_1,126,17,81.75
1738,126_2,2,1.75,195_2,126,17,81.75
1739,126_3,3,6,195_3,126,17,81.75
1740,126_4,4,12,195_4,126,17,81.75
1741,126_5,5,2,195_5,126,17,81.75
1742,126_6,6,2,195_6,126,17,81.75
1743,126_7,7,1.75,195_7,126,17,81.75
1744,126_8,8,5,195_8,126,17,81.75
1745,126_9,9,1.75,195_9,126,17,81.75
1746,126_10,10,1.75,195_10,126,17,81.75
1747,126_11,11,1.75,195_11,126,17,81.75
1748,126_12,12,1.75,195_12,126,17,81.75
1749,126_13,13,3,195_13,126,17,81.75
1750,126_14,14,2.25,195_14,126,17,81.75
1751,126_15,15,1.75,195_15,126,17,81.75
1752,126_16,16,0.5,195_16,126,17,81.75
1753,126_17,17,35,195_17,126,17,81.75
1754,127_1,1,2.25,197_1,127,11,27.75
1755,127_2,2,2.25,197_2,127,11,27.75
1756,127_3,3,2.25,197_3,127,11,27.75
1757,127_4,4,2.25,197_4,127,11,27.75
1758,127_5,5,2.25,197_5,127,11,27.75
1759,127_6,6,6,197_6,127,11,27.75
1760,127_7,7,2.25,197_7,127,11,27.75
1761,127_8,8,3,197_8,127,11,27.75
1762,127_9,9,2.25,197_9,127,11,27.75
1763,127_10,10,2.5,197_10,127,11,27.75
1764,127_11,11,0.5,197_11,127,11,27.75
1765,128_1,1,2,198_1,128,7,12.5
1766,128_2,2,3,198_2,128,7,12.5
1767,128_3,3,2,198_3,128,7,12.5
1768,128_4,4,1.5,198_4,128,7,12.5
1769,128_5,5,1.5,198_5,128,7,12.5
1770,128_6,6,2,198_6,128,7,12.5
1771,128_7,7,0.5,198_7,128,7,12.5
1772,129_1,1,2,198_8,129,9,16.5
1773,129_2,2,2,198_9,129,9,16.5
1774,129_3,3,2,198_10,129,9,16.5
1775,129_4,4,2,198_11,129,9,16.5
1776,129_5,5,2,198_12,129,9,16.5
1777,129_6,6,2,198_13,129,9,16.5
1778,129_7,7,2,198_14,129,9,16.5
1779,129_8,8,2,198_15,129,9,16.5
1780,129_9,9,0.5,198_16,129,9,16.5
1781,130_1,1,2.5,199_1,130,9,22
1782,130_2,2,2.5,199_2,130,9,22
1783,130_3,3,2.5,199_3,130,9,22
1784,130_4,4,2.5,199_4,130,9,22
1785,130_5,5,2.5,199_5,130,9,22
1786,130_6,6,2.5,199_6,130,9,22
1787,130_7,7,2.5,199_7,130,9,22
1788,130_8,8,4,199_8,130,9,22
1789,130_9,9,0.5,199_9,130,9,22
1790,131_1,1,1.75,200_1,131,16,79.55
1791,131_2,2,1.75,200_2,131,16,79.55
1792,131_3,3,1.75,200_3,131,16,79.55
1793,131_4,4,20,200_4,131,16,79.55
1794,131_5,5,4,200_5,131,16,79.55
1795,131_6,6,12,200_6,131,16,79.55
1796,131_7,7,25,200_7,131,16,79.55
1797,131_8,8,1.75,200_8,131,16,79.55
1798,131_9,9,1.75,200_9,131,16,79.55
1799,131_10,10,1.75,200_10,131,16,79.55
1800,131_11,11,2.75,200_11,131,16,79.55
1801,131_12,12,1.75,200_12,131,16,79.55
1802,131_13,13,1.75,200_13,131,16,79.55
1803,131_14,14,1,200_14,131,16,79.55
1804,131_15,15,0.5,200_15,131,16,79.55
1805,131_16,16,0.3,200_16,131,16,79.55
1806,132_1,1,3.5,201_1,132,10,22.25
1807,132_2,2,2,201_2,132,10,22.25
1808,132_3,3,2,201_3,132,10,22.25
1809,132_4,4,2.5,201_4,132,10,22.25
1810,132_5,5,2,201_5,132,10,22.25
1811,132_6,6,2.75,201_6,132,10,22.25
1812,132_7,7,3,201_7,132,10,22.25
1813,132_8,8,2,201_8,132,10,22.25
1814,132_9,9,2,201_9,132,10,22.25
1815,132_10,10,0.5,201_10,132,10,22.25
1816,133_1,1,1.25,202_1,133,11,67.25
1817,133_2,2,5,202_2,133,11,67.25
1818,133_3,3,20,202_3,133,11,67.25
1819,133_4,4,2,202_4,133,11,67.25
1820,133_5,5,1.75,202_5,133,11,67.25
1821,133_6,6,1.75,202_6,133,11,67.25
1822,133_7,7,2.5,202_7,133,11,67.25
1823,133_8,8,3,202_8,133,11,67.25
1824,133_9,9,28,202_9,133,11,67.25
1825,133_10,10,1.5,202_10,133,11,67.25
1826,133_11,11,0.5,202_11,133,11,67.25
1827,134_1,1,5,203_1,134,7,31
1828,134_2,2,5,203_2,134,7,31
1829,134_3,3,5,203_3,134,7,31
1830,134_4,4,5,203_4,134,7,31
1831,134_5,5,5,203_5,134,7,31
1832,134_6,6,5,203_6,134,7,31
1833,134_7,7,1,203_7,134,7,31
1834,135_1,1,3,203_8,135,9,22.5
1835,135_2,2,2.5,203_9,135,9,22.5
1836,135_3,3,3,203_10,135,9,22.5
1837,135_4,4,3,203_11,135,9,22.5
1838,135_5,5,3,203_12,135,9,22.5
1839,135_6,6,2.5,203_13,135,9,22.5
1840,135_7,7,2.5,203_14,135,9,22.5
1841,135_8,8,2.5,203_15,135,9,22.5
1842,135_9,9,0.5,203_16,135,9,22.5
1843,136_1,1,3,204_1,136,12,36.75
1844,136_2,2,4,204_2,136,12,36.75
1845,136_3,3,3,204_3,136,12,36.75
1846,136_4,4,4,204_4,136,12,36.75
1847,136_5,5,3,204_5,136,12,36.75
1848,136_6,6,3,204_6,136,12,36.75
1849,136_7,7,3,204_7,136,12,36.75
1850,136_8,8,3,204_8,136,12,36.75
1851,136_9,9,4.5,204_9,136,12,36.75
1852,136_10,10,2.75,204_10,136,12,36.75
1853,136_11,11,3,204_11,136,12,36.75
1854,136_12,12,0.5,204_12,136,12,36.75
1855,137_1,1,2,205_1,137,20,49.5
1856,137_2,2,3,205_2,137,20,49.5
1857,137_3,3,2,205_3,137,20,49.5
1858,137_4,4,2,205_4,137,20,49.5
1859,137_5,5,2.5,205_5,137,20,49.5
1860,137_6,6,3.5,205_6,137,20,49.5
1861,137_7,7,2,205_7,137,20,49.5
1862,137_8,8,2.5,205_8,137,20,49.5
1863,137_9,9,3.5,205_9,137,20,49.5
1864,137_10,10,2,205_10,137,20,49.5
1865,137_11,11,3,205_11,137,20,49.5
1866,137_12,12,2,205_12,137,20,49.5
1867,137_13,13,3,205_13,137,20,49.5
1868,137_14,14,2,205_14,137,20,49.5
1869,137_15,15,2,205_15,137,20,49.5
1870,137_16,16,3,205_16,137,20,49.5
1871,137_17,17,2,205_17,137,20,49.5
1872,137_18,18,2.5,205_18,137,20,49.5
1873,137_19,19,4.5,205_19,137,20,49.5
1874,137_20,20,0.5,205_20,137,20,49.5
1875,138_1,1,2.5,206_1,138,9,16.5
1876,138_2,2,2,206_2,138,9,16.5
1877,138_3,3,2,206_3,138,9,16.5
1878,138_4,4,2,206_4,138,9,16.5
1879,138_5,5,2,206_5,138,9,16.5
1880,138_6,6,2,206_6,138,9,16.5
1881,138_7,7,2,206_7,138,9,16.5
1882,138_8,8,1.5,206_8,138,9,16.5
1883,138_9,9,0.5,206_9,138,9,16.5
1884,139_1,1,3,206_10,139,5,12.5
1885,139_2,2,3,206_11,139,5,12.5
1886,139_3,3,3,206_12,139,5,12.5
1887,139_4,4,3,206_13,139,5,12.5
1888,139_5,5,0.5,206_14,139,5,12.5
1889,140_1,1,2.5,207_1,140,11,31.5
1890,140_2,2,3.5,207_2,140,11,31.5
1891,140_3,3,5.5,207_3,140,11,31.5
1892,140_4,4,3.5,207_4,140,11,31.5
1893,140_5,5,3,207_5,140,11,31.5
1894,140_6,6,3,207_6,140,11,31.5
1895,140_7,7,2.5,207_7,140,11,31.5
1896,140_8,8,2.5,207_8,140,11,31.5
1897,140_9,9,2.5,207_9,140,11,31.5
1898,140_10,10,2.5,207_10,140,11,31.5
1899,140_11,11,0.5,207_11,140,11,31.5
1900,141_1,1,2.75,208_1,141,6,14.25
1901,141_2,2,2.75,208_2,141,6,14.25
1902,141_3,3,2.75,208_3,141,6,14.25
1903,141_4,4,2.75,208_4,141,6,14.25
1904,141_5,5,2.75,208_5,141,6,14.25
1905,141_6,6,0.5,208_6,141,6,14.25
1906,142_1,1,3,208_7,142,10,28.5
1907,142_2,2,3,208_8,142,10,28.5
1908,142_3,3,3,208_9,142,10,28.5
1909,142_4,4,3,208_10,142,10,28.5
1910,142_5,5,3,208_11,142,10,28.5
1911,142_6,6,4,208_12,142,10,28.5
1912,142_7,7,3,208_13,142,10,28.5
1913,142_8,8,3,208_14,142,10,28.5
1914,142_9,9,3,208_15,142,10,28.5
1915,142_10,10,0.5,208_16,142,10,28.5
1916,143_1,1,2.5,209_1,143,10,27
1917,143_2,2,2.5,209_2,143,10,27
1918,143_3,3,2.5,209_3,143,10,27
1919,143_4,4,2.5,209_4,143,10,27
1920,143_5,5,2.5,209_5,143,10,27
1921,143_6,6,2.5,209_6,143,10,27
1922,143_7,7,6.5,209_7,143,10,27
1923,143_8,8,2.5,209_8,143,10,27
1924,143_9,9,2.5,209_9,143,10,27
1925,143_10,10,0.5,209_10,143,10,27
1926,144_1,1,3,209_11,144,8,22.5
1927,144_2,2,3,209_12,144,8,22.5
1928,144_3,3,3,209_13,144,8,22.5
1929,144_4,4,3,209_14,144,8,22.5
1930,144_5,5,3,209_15,144,8,22.5
1931,144_6,6,3,209_16,144,8,22.5
1932,144_7,7,4,209_17,144,8,22.5
1933,144_8,8,0.5,209_18,144,8,22.5
1934,145_1,1,4.5,210_1,145,11,46.3
1935,145_2,2,4.5,210_2,145,11,46.3
1936,145_3,3,4.5,210_3,145,11,46.3
1937,145_4,4,4.5,210_4,145,11,46.3
1938,145_5,5,4.5,210_5,145,11,46.3
1939,145_6,6,5,210_6,145,11,46.3
1940,145_7,7,4.5,210_7,145,11,46.3
1941,145_8,8,4.5,210_8,145,11,46.3
1942,145_9,9,4.5,210_9,145,11,46.3
1943,145_10,10,4.5,210_10,145,11,46.3
1944,145_11,11,0.8,210_11,145,11,46.3
1945,146_1,1,3,210_12,146,9,24.5
1946,146_2,2,3,210_13,146,9,24.5
1947,146_3,3,3,210_14,146,9,24.5
1948,146_4,4,3,210_15,146,9,24.5
1949,146_5,5,3,210_16,146,9,24.5
1950,146_6,6,3,210_17,146,9,24.5
1951,146_7,7,3,210_18,146,9,24.5
1952,146_8,8,3,210_19,146,9,24.5
1953,146_9,9,0.5,210_20,146,9,24.5
1954,147_1,1,3,211_1,147,11,30.5
1955,147_2,2,3,211_2,147,11,30.5
1956,147_3,3,3,211_3,147,11,30.5
1957,147_4,4,3,211_4,147,11,30.5
1958,147_5,5,3,211_5,147,11,30.5
1959,147_6,6,3,211_6,147,11,30.5
1960,147_7,7,3,211_7,147,11,30.5
1961,147_8,8,3,211_8,147,11,30.5
1962,147_9,9,3,211_9,147,11,30.5
1963,147_10,10,3,211_10,147,11,30.5
1964,147_11,11,0.5,211_11,147,11,30.5
1965,148_1,1,1.5,212_1,148,12,33
1966,148_2,2,2.5,212_2,148,12,33
1967,148_3,3,2.5,212_3,148,12,33
1968,148_4,4,1.5,212_4,148,12,33
1969,148_5,5,2.5,212_5,148,12,33
1970,148_6,6,2,212_6,148,12,33
1971,148_7,7,5,212_7,148,12,33
1972,148_8,8,5,212_8,148,12,33
1973,148_9,9,6,212_9,148,12,33
1974,148_10,10,2,212_10,148,12,33
1975,148_11,11,2,212_11,148,12,33
1976,148_12,12,0.5,212_12,148,12,33
1977,149_1,1,3,212_13,149,9,41.5
1978,149_2,2,3,212_14,149,9,41.5
1979,149_3,3,3,212_15,149,9,41.5
1980,149_4,4,3,212_16,149,9,41.5
1981,149_5,5,20,212_17,149,9,41.5
1982,149_6,6,3,212_18,149,9,41.5
1983,149_7,7,3,212_19,149,9,41.5
1984,149_8,8,3,212_20,149,9,41.5
1985,149_9,9,0.5,212_21,149,9,41.5
1986,150_1,1,3,213_1,150,16,71.3
1987,150_2,2,3,213_2,150,16,71.3
1988,150_3,3,3,213_3,150,16,71.3
1989,150_4,4,3,213_4,150,16,71.3
1990,150_5,5,3,213_5,150,16,71.3
1991,150_6,6,3,213_6,150,16,71.3
1992,150_7,7,3,213_7,150,16,71.3
1993,150_8,8,12,213_8,150,16,71.3
1994,150_9,9,15,213_9,150,16,71.3
1995,150_10,10,3,213_10,150,16,71.3
1996,150_11,11,2,213_11,150,16,71.3
1997,150_12,12,2,213_12,150,16,71.3
1998,150_13,13,15,213_13,150,16,71.3
1999,150_14,14,0.3,213_14,150,16,71.3
2000,150_15,15,0.5,213_15,150,16,71.3
2001,150_16,16,0.5,213_16,150,16,71.3
2002,151_1,1,3,214_1,151,10,27.5
2003,151_2,2,3,214_2,151,10,27.5
2004,151_3,3,3,214_3,151,10,27.5
2005,151_4,4,3,214_4,151,10,27.5
2006,151_5,5,3,214_5,151,10,27.5
2007,151_6,6,3,214_6,151,10,27.5
2008,151_7,7,3,214_7,151,10,27.5
2009,151_8,8,3,214_8,151,10,27.5
2010,151_9,9,3,214_9,151,10,27.5
2011,151_10,10,0.5,214_10,151,10,27.5
2012,152_1,1,2.5,215_1,152,12,28.5
2013,152_2,2,2.5,215_2,152,12,28.5
2014,152_3,3,2.5,215_3,152,12,28.5
2015,152_4,4,2.5,215_4,152,12,28.5
2016,152_5,5,2.5,215_5,152,12,28.5
2017,152_6,6,2.5,215_6,152,12,28.5
2018,152_7,7,2.5,215_7,152,12,28.5
2019,152_8,8,2.5,215_8,152,12,28.5
2020,152_9,9,1.5,215_9,152,12,28.5
2021,152_10,10,1.5,215_10,152,12,28.5
2022,152_11,11,1.5,215_11,152,12,28.5
2023,152_12,12,4,215_12,152,12,28.5
2024,153_1,1,2,215_13,153,2,2.5
2025,153_2,2,0.5,215_14,153,2,2.5
2026,154_1,1,2,216_1,154,18,94
2027,154_2,2,2,216_2,154,18,94
2028,154_3,3,2,216_3,154,18,94
2029,154_4,4,2,216_4,154,18,94
2030,154_5,5,2,216_5,154,18,94
2031,154_6,6,2,216_6,154,18,94
2032,154_7,7,2,216_7,154,18,94
2033,154_8,8,2,216_8,154,18,94
2034,154_9,9,2,216_9,154,18,94
2035,154_10,10,2,216_10,154,18,94
2036,154_11,11,2,216_11,154,18,94
2037,154_12,12,2,216_12,154,18,94
2038,154_13,13,2,216_13,154,18,94
2039,154_14,14,2,216_14,154,18,94
2040,154_15,15,35,216_15,154,18,94
2041,154_16,16,0.5,216_16,154,18,94
2042,154_17,17,30,216_17,154,18,94
2043,154_18,18,0.5,216_18,154,18,94
2044,155_1,1,3,217_1,155,9,24.5
2045,155_2,2,3,217_2,155,9,24.5
2046,155_3,3,3,217_3,155,9,24.5
2047,155_4,4,3,217_4,155,9,24.5
2048,155_5,5,3,217_5,155,9,24.5
2049,155_6,6,3,217_6,155,9,24.5
2050,155_7,7,3,217_7,155,9,24.5
2051,155_8,8,3,217_8,155,9,24.5
2052,155_9,9,0.5,217_9,155,9,24.5
2053,156_1,1,3,217_10,156,9,24.5
2054,156_2,2,3,217_11,156,9,24.5
2055,156_3,3,3,217_12,156,9,24.5
2056,156_4,4,3,217_13,156,9,24.5
2057,156_5,5,3,217_14,156,9,24.5
2058,156_6,6,3,217_15,156,9,24.5
2059,156_7,7,3,217_16,156,9,24.5
2060,156_8,8,3,217_17,156,9,24.5
2061,156_9,9,0.5,217_18,156,9,24.5
2062,157_1,1,2.75,218_1,157,10,25.25
2063,157_2,2,2.75,218_2,157,10,25.25
2064,157_3,3,2.75,218_3,157,10,25.25
2065,157_4,4,2.75,218_4,157,10,25.25
2066,157_5,5,2.75,218_5,157,10,25.25
2067,157_6,6,2.75,218_6,157,10,25.25
2068,157_7,7,2.75,218_7,157,10,25.25
2069,157_8,8,2.75,218_8,157,10,25.25
2070,157_9,9,2.75,218_9,157,10,25.25
2071,157_10,10,0.5,218_10,157,10,25.25
2072,158_1,1,3,218_11,158,7,20.5
2073,158_2,2,3,218_12,158,7,20.5
2074,158_3,3,3,218_13,158,7,20.5
2075,158_4,4,3,218_14,158,7,20.5
2076,158_5,5,2,218_15,158,7,20.5
2077,158_6,6,6,218_16,158,7,20.5
2078,158_7,7,0.5,218_17,158,7,20.5
2079,159_1,1,2.5,219_1,159,7,15.5
2080,159_2,2,2.5,219_2,159,7,15.5
2081,159_3,3,2.5,219_3,159,7,15.5
2082,159_4,4,2.5,219_4,159,7,15.5
2083,159_5,5,2.5,219_5,159,7,15.5
2084,159_6,6,2.5,219_6,159,7,15.5
2085,159_7,7,0.5,219_7,159,7,15.5
2086,160_1,1,2.5,219_8,160,11,25.5
2087,160_2,2,2.5,219_9,160,11,25.5
2088,160_3,3,2.5,219_10,160,11,25.5
2089,160_4,4,2.5,219_11,160,11,25.5
2090,160_5,5,2.5,219_12,160,11,25.5
2091,160_6,6,2.5,219_13,160,11,25.5
2092,160_7,7,2.5,219_14,160,11,25.5
2093,160_8,8,2.5,219_15,160,11,25.5
2094,160_9,9,2.5,219_16,160,11,25.5
2095,160_10,10,2.5,219_17,160,11,25.5
2096,160_11,11,0.5,219_18,160,11,25.5
2097,161_1,1,2,220_1,161,11,28.5
2098,161_2,2,2,220_2,161,11,28.5
2099,161_3,3,2,220_3,161,11,28.5
2100,161_4,4,8,220_4,161,11,28.5
2101,161_5,5,2,220_5,161,11,28.5
2102,161_6,6,3.5,220_6,161,11,28.5
2103,161_7,7,2.5,220_7,161,11,28.5
2104,161_8,8,2,220_8,161,11,28.5
2105,161_9,9,2,220_9,161,11,28.5
2106,161_10,10,2,220_10,161,11,28.5
2107,161_11,11,0.5,220_11,161,11,28.5
2108,162_1,1,2,221_1,162,9,16.5
2109,162_2,2,2,221_2,162,9,16.5
2110,162_3,3,2,221_3,162,9,16.5
2111,162_4,4,2,221_4,162,9,16.5
2112,162_5,5,2,221_5,162,9,16.5
2113,162_6,6,2,221_6,162,9,16.5
2114,162_7,7,2,221_7,162,9,16.5
2115,162_8,8,2,221_8,162,9,16.5
2116,162_9,9,0.5,221_9,162,9,16.5
2117,163_1,1,3,222_1,163,12,30.5
2118,163_2,2,3,222_2,163,12,30.5
2119,163_3,3,3,222_3,163,12,30.5
2120,163_4,4,3,222_4,163,12,30.5
2121,163_5,5,3,222_5,163,12,30.5
2122,163_6,6,3,222_6,163,12,30.5
2123,163_7,7,3,222_7,163,12,30.5
2124,163_8,8,3,222_8,163,12,30.5
2125,163_9,9,2,222_9,163,12,30.5
2126,163_10,10,2,222_10,163,12,30.5
2127,163_11,11,2,222_11,163,12,30.5
2128,163_12,12,0.5,222_12,163,12,30.5
2129,164_1,1,3,223_1,164,11,29.5
2130,164_2,2,3,223_2,164,11,29.5
2131,164_3,3,3,223_3,164,11,29.5
2132,164_4,4,3,223_4,164,11,29.5
2133,164_5,5,3,223_5,164,11,29.5
2134,164_6,6,3,223_6,164,11,29.5
2135,164_7,7,3,223_7,164,11,29.5
2136,164_8,8,3,223_8,164,11,29.5
2137,164_9,9,3,223_9,164,11,29.5
2138,164_10,10,2,223_10,164,11,29.5
2139,164_11,11,0.5,223_11,164,11,29.5
2140,165_1,1,3,224_1,165,9,24.5
2141,165_2,2,3,224_2,165,9,24.5
2142,165_3,3,3,224_3,165,9,24.5
2143,165_4,4,3,224_4,165,9,24.5
2144,165_5,5,3,224_5,165,9,24.5
2145,165_6,6,3,224_6,165,9,24.5
2146,165_7,7,3,224_7,165,9,24.5
2147,165_8,8,3,224_8,165,9,24.5
2148,165_9,9,0.5,224_9,165,9,24.5
2149,166_1,1,2,225_1,166,12,22.5
2150,166_2,2,2,225_2,166,12,22.5
2151,166_3,3,2,225_3,166,12,22.5
2152,166_4,4,2,225_4,166,12,22.5
2153,166_5,5,2,225_5,166,12,22.5
2154,166_6,6,2,225_6,166,12,22.5
2155,166_7,7,2,225_7,166,12,22.5
2156,166_8,8,2,225_8,166,12,22.5
2157,166_9,9,2,225_9,166,12,22.5
2158,166_10,10,2,225_10,166,12,22.5
2159,166_11,11,2,225_11,166,12,22.5
2160,166_12,12,0.5,225_12,166,12,22.5
2161,167_1,1,2.5,226_1,167,11,25.5
2162,167_2,2,2.5,226_2,167,11,25.5
2163,167_3,3,2.5,226_3,167,11,25.5
2164,167_4,4,2.5,226_4,167,11,25.5
2165,167_5,5,2.5,226_5,167,11,25.5
2166,167_6,6,2.5,226_6,167,11,25.5
2167,167_7,7,2.5,226_7,167,11,25.5
2168,167_8,8,2.5,226_8,167,11,25.5
2169,167_9,9,2.5,226_9,167,11,25.5
2170,167_10,10,2.5,226_10,167,11,25.5
2171,167_11,11,0.5,226_11,167,11,25.5
2172,168_1,1,2.5,227_1,168,9,20.5
2173,168_2,2,2.5,227_2,168,9,20.5
2174,168_3,3,2.5,227_3,168,9,20.5
2175,168_4,4,2.5,227_4,168,9,20.5
2176,168_5,5,2.5,227_5,168,9,20.5
2177,168_6,6,2.5,227_6,168,9,20.5
2178,168_7,7,2.5,227_7,168,9,20.5
2179,168_8,8,2.5,227_8,168,9,20.5
2180,168_9,9,0.5,227_9,168,9,20.5
2181,169_1,1,2.5,228_1,169,9,20.5
2182,169_2,2,2.5,228_2,169,9,20.5
2183,169_3,3,2.5,228_3,169,9,20.5
2184,169_4,4,2.5,228_4,169,9,20.5
2185,169_5,5,2.5,228_5,169,9,20.5
2186,169_6,6,2.5,228_6,169,9,20.5
2187,169_7,7,2.5,228_7,169,9,20.5
2188,169_8,8,2.5,228_8,169,9,20.5
2189,169_9,9,0.5,228_9,169,9,20.5
2190,170_1,1,3,229_1,170,9,24.5
2191,170_2,2,3,229_2,170,9,24.5
2192,170_3,3,3,229_3,170,9,24.5
2193,170_4,4,3,229_4,170,9,24.5
2194,170_5,5,3,229_5,170,9,24.5
2195,170_6,6,3,229_6,170,9,24.5
2196,170_7,7,3,229_7,170,9,24.5
2197,170_8,8,3,229_8,170,9,24.5
2198,170_9,9,0.5,229_9,170,9,24.5
2199,171_1,1,2,230_1,171,12,153.75
2200,171_2,2,2,230_2,171,12,153.75
2201,171_3,3,2,230_3,171,12,153.75
2202,171_4,4,3,230_4,171,12,153.75
2203,171_5,5,10,230_5,171,12,153.75
2204,171_6,6,80,230_6,171,12,153.75
2205,171_7,7,1.75,230_7,171,12,153.75
2206,171_8,8,3,230_8,171,12,153.75
2207,171_9,9,45,230_9,171,12,153.75
2208,171_10,10,3,230_10,171,12,153.75
2209,171_11,11,0.5,230_11,171,12,153.75
2210,171_12,12,1.5,230_12,171,12,153.75
2211,172_1,1,3.5,231_1,172,10,32.25
2212,172_2,2,3.5,231_2,172,10,32.25
2213,172_3,3,3.5,231_3,172,10,32.25
2214,172_4,4,3.5,231_4,172,10,32.25
2215,172_5,5,3.5,231_5,172,10,32.25
2216,172_6,6,3.5,231_6,172,10,32.25
2217,172_7,7,3.5,231_7,172,10,32.25
2218,172_8,8,3.5,231_8,172,10,32.25
2219,172_9,9,3.5,231_9,172,10,32.25
2220,172_10,10,0.75,231_10,172,10,32.25
2221,173_1,1,2,232_1,173,9,16.5
2222,173_2,2,2,232_2,173,9,16.5
2223,173_3,3,2,232_3,173,9,16.5
2224,173_4,4,2,232_4,173,9,16.5
2225,173_5,5,2,232_5,173,9,16.5
2226,173_6,6,2,232_6,173,9,16.5
2227,173_7,7,2,232_7,173,9,16.5
2228,173_8,8,2,232_8,173,9,16.5
2229,173_9,9,0.5,232_9,173,9,16.5
2230,174_1,1,2.5,232_10,174,7,15.5
2231,174_2,2,2.5,232_11,174,7,15.5
2232,174_3,3,2.5,232_12,174,7,15.5
2233,174_4,4,2.5,232_13,174,7,15.5
2234,174_5,5,2.5,232_14,174,7,15.5
2235,174_6,6,2.5,232_15,174,7,15.5
2236,174_7,7,0.5,232_16,174,7,15.5
2237,175_1,1,1.5,233_1,175,17,67
2238,175_2,2,1.5,233_2,175,17,67
2239,175_3,3,20,233_3,175,17,67
2240,175_4,4,1.5,233_4,175,17,67
2241,175_5,5,1.5,233_5,175,17,67
2242,175_6,6,1.5,233_6,175,17,67
2243,175_7,7,1.5,233_7,175,17,67
2244,175_8,8,5,233_8,175,17,67
2245,175_9,9,5,233_9,175,17,67
2246,175_10,10,4,233_10,175,17,67
2247,175_11,11,3.5,233_11,175,17,67
2248,175_12,12,2,233_12,175,17,67
2249,175_13,13,1.5,233_13,175,17,67
2250,175_14,14,11,233_14,175,17,67
2251,175_15,15,4,233_15,175,17,67
2252,175_16,16,1.5,233_16,175,17,67
2253,175_17,17,0.5,233_17,175,17,67
2254,176_1,1,3,234_1,176,9,24.5
2255,176_2,2,3,234_2,176,9,24.5
2256,176_3,3,3,234_3,176,9,24.5
2257,176_4,4,3,234_4,176,9,24.5
2258,176_5,5,3,234_5,176,9,24.5
2259,176_6,6,3,234_6,176,9,24.5
2260,176_7,7,3,234_7,176,9,24.5
2261,176_8,8,3,234_8,176,9,24.5
2262,176_9,9,0.5,234_9,176,9,24.5
2263,177_1,1,3,235_1,177,13,53.5
2264,177_2,2,3,235_2,177,13,53.5
2265,177_3,3,3,235_3,177,13,53.5
2266,177_4,4,3,235_4,177,13,53.5
2267,177_5,5,3,235_5,177,13,53.5
2268,177_6,6,3,235_6,177,13,53.5
2269,177_7,7,3,235_7,177,13,53.5
2270,177_8,8,3,235_8,177,13,53.5
2271,177_9,9,20,235_9,177,13,53.5
2272,177_10,10,3,235_10,177,13,53.5
2273,177_11,11,3,235_11,177,13,53.5
2274,177_12,12,3,235_12,177,13,53.5
2275,177_13,13,0.5,235_13,177,13,53.5
2276,178_1,1,3,236_1,178,9,43.5
2277,178_2,2,3,236_2,178,9,43.5
2278,178_3,3,3,236_3,178,9,43.5
2279,178_4,4,3,236_4,178,9,43.5
2280,178_5,5,3,236_5,178,9,43.5
2281,178_6,6,3,236_6,178,9,43.5
2282,178_7,7,3,236_7,178,9,43.5
2283,178_8,8,22,236_8,178,9,43.5
2284,178_9,9,0.5,236_9,178,9,43.5
2285,179_1,1,3,237_1,179,9,24.5
2286,179_2,2,3,237_2,179,9,24.5
2287,179_3,3,3,237_3,179,9,24.5
2288,179_4,4,3,237_4,179,9,24.5
2289,179_5,5,3,237_5,179,9,24.5
2290,179_6,6,3,237_6,179,9,24.5
2291,179_7,7,3,237_7,179,9,24.5
2292,179_8,8,3,237_8,179,9,24.5
2293,179_9,9,0.5,237_9,179,9,24.5
2294,180_1,1,2.5,238_1,180,9,20.5
2295,180_2,2,2.5,238_2,180,9,20.5
2296,180_3,3,2.5,238_3,180,9,20.5
2297,180_4,4,2.5,238_4,180,9,20.5
2298,180_5,5,2.5,238_5,180,9,20.5
2299,180_6,6,2.5,238_6,180,9,20.5
2300,180_7,7,2.5,238_7,180,9,20.5
2301,180_8,8,2.5,238_8,180,9,20.5
2302,180_9,9,0.5,238_9,180,9,20.5
2303,181_1,1,2.5,239_1,181,10,23.5
2304,181_2,2,2.5,239_2,181,10,23.5
2305,181_3,3,2.5,239_3,181,10,23.5
2306,181_4,4,2.5,239_4,181,10,23.5
2307,181_5,5,2.5,239_5,181,10,23.5
2308,181_6,6,2.5,239_6,181,10,23.5
2309,181_7,7,2.5,239_7,181,10,23.5
2310,181_8,8,2.5,239_8,181,10,23.5
2311,181_9,9,2.5,239_9,181,10,23.5
2312,181_10,10,1,239_10,181,10,23.5
2313,182_1,1,2.5,240_1,182,9,20.5
2314,182_2,2,2.5,240_2,182,9,20.5
2315,182_3,3,2.5,240_3,182,9,20.5
2316,182_4,4,2.5,240_4,182,9,20.5
2317,182_5,5,2.5,240_5,182,9,20.5
2318,182_6,6,2.5,240_6,182,9,20.5
2319,182_7,7,2.5,240_7,182,9,20.5
2320,182_8,8,2.5,240_8,182,9,20.5
2321,182_9,9,0.5,240_9,182,9,20.5
2322,183_1,1,2.5,240_10,183,7,15.4
2323,183_2,2,2.5,240_11,183,7,15.4
2324,183_3,3,2.5,240_12,183,7,15.4
2325,183_4,4,2.5,240_13,183,7,15.4
2326,183_5,5,2.5,240_14,183,7,15.4
2327,183_6,6,2.5,240_15,183,7,15.4
2328,183_7,7,0.4,240_16,183,7,15.4
2329,184_1,1,2.5,241_1,184,9,20.5
2330,184_2,2,2.5,241_2,184,9,20.5
2331,184_3,3,2.5,241_3,184,9,20.5
2332,184_4,4,2.5,241_4,184,9,20.5
2333,184_5,5,2.5,241_5,184,9,20.5
2334,184_6,6,2.5,241_6,184,9,20.5
2335,184_7,7,2.5,241_7,184,9,20.5
2336,184_8,8,2.5,241_8,184,9,20.5
2337,184_9,9,0.5,241_9,184,9,20.5
2338,185_1,1,2,241_10,185,5,8.4
2339,185_2,2,2,241_11,185,5,8.4
2340,185_3,3,2,241_12,185,5,8.4
2341,185_4,4,2,241_13,185,5,8.4
2342,185_5,5,0.4,241_14,185,5,8.4
2343,186_1,1,2,242_1,186,13,24.4
2344,186_2,2,2,242_2,186,13,24.4
2345,186_3,3,2,242_3,186,13,24.4
2346,186_4,4,2,242_4,186,13,24.4
2347,186_5,5,2,242_5,186,13,24.4
2348,186_6,6,2,242_6,186,13,24.4
2349,186_7,7,2,242_7,186,13,24.4
2350,186_8,8,2,242_8,186,13,24.4
2351,186_9,9,2,242_9,186,13,24.4
2352,186_10,10,2,242_10,186,13,24.4
2353,186_11,11,2,242_11,186,13,24.4
2354,186_12,12,2,242_12,186,13,24.4
2355,186_13,13,0.4,242_13,186,13,24.4
2356,187_1,1,3,243_1,187,11,30.5
2357,187_2,2,3,243_2,187,11,30.5
2358,187_3,3,3,243_3,187,11,30.5
2359,187_4,4,3,243_4,187,11,30.5
2360,187_5,5,3,243_5,187,11,30.5
2361,187_6,6,3,243_6,187,11,30.5
2362,187_7,7,3,243_7,187,11,30.5
2363,187_8,8,3,243_8,187,11,30.5
2364,187_9,9,3,243_9,187,11,30.5
2365,187_10,10,3,243_10,187,11,30.5
2366,187_11,11,0.5,243_11,187,11,30.5